"satisfaction","customer_type","age","travel_type","cabin_class","flight_distance","seat_comfort","time_convenient","food_drink","gate_location","wifi","entertainment","online_support","ease_booking","onboard_service","legroom","baggage","checkin","cleanliness","online_boarding","dep_delay","arr_delay","arr_delay_extra"
"dissatisfied","disloyal Customer",39,"Business travel","Eco",1723,1,1,1,4,5,1,5,5,5,2,2,1,2,5,7,5,-2.60940810793052
"dissatisfied","Loyal Customer",27,"Personal Travel","Eco",2440,1,4,1,4,5,1,5,5,5,4,3,5,5,5,0,0,-0.757464267003349
"dissatisfied","disloyal Customer",39,"Business travel","Eco",1490,2,5,2,1,2,2,2,2,3,2,4,4,5,2,0,6,5.24253573299665
"dissatisfied","Loyal Customer",59,"Personal Travel","Eco",1918,1,0,5,3,5,5,5,5,2,2,2,3,1,5,0,0,-0.757464267003349
"dissatisfied","Loyal Customer",37,"Personal Travel","Eco",1625,1,4,1,1,1,1,1,1,5,2,4,4,4,1,6,0,-6.63055898779807
"dissatisfied","disloyal Customer",13,"Business travel","Eco",1886,2,2,3,3,1,3,1,1,1,2,3,2,4,1,0,0,-0.757464267003349
"dissatisfied","Loyal Customer",8,"Personal Travel","Eco",1597,2,2,2,4,4,2,4,4,3,4,3,4,4,4,17,13,-4.39789930925505
"dissatisfied","Loyal Customer",70,"Personal Travel","Eco",2035,3,5,3,2,3,2,2,3,4,5,5,2,3,2,141,150,11.2248097943208
"dissatisfied","Loyal Customer",32,"Personal Travel","Eco",2881,3,3,2,3,5,2,5,5,2,5,4,4,3,5,4,0,-4.67286074753316
"dissatisfied","Loyal Customer",45,"Personal Travel","Eco",2333,3,4,5,2,5,4,4,5,4,5,4,4,3,4,212,213,4.72652226491669
"dissatisfied","Loyal Customer",41,"Personal Travel","Eco",3962,1,4,1,1,1,1,1,4,5,3,5,1,4,1,0,1,0.242535732996651
"dissatisfied","disloyal Customer",45,"Business travel","Eco",2507,4,3,3,4,4,3,4,4,2,5,4,1,3,4,59,69,10.4904376451819
"dissatisfied","Loyal Customer",30,"Business travel","Eco",3690,2,3,3,3,2,2,2,2,4,3,3,4,4,2,4,0,-4.67286074753316
"dissatisfied","Loyal Customer",47,"Business travel","Eco",1588,1,2,1,1,1,1,1,1,1,3,3,4,4,1,35,18,-17.0171834716392
"dissatisfied","disloyal Customer",23,"Business travel","Eco",1464,4,5,5,3,5,5,5,5,4,3,3,3,3,5,6,0,-6.63055898779807
"dissatisfied","Loyal Customer",29,"Personal Travel","Eco",1953,1,5,1,1,3,1,3,3,4,5,4,5,4,3,39,40,1.06742004783099
"dissatisfied","disloyal Customer",56,"Business travel","Eco",1542,1,3,1,3,5,1,5,5,4,3,3,2,4,5,0,0,-0.757464267003349
"dissatisfied","Loyal Customer",52,"Personal Travel","Eco",712,4,4,4,3,4,4,5,2,2,4,2,5,2,3,0,0,-0.757464267003349
"dissatisfied","Loyal Customer",64,"Personal Travel","Eco",2917,1,5,2,4,5,2,5,5,3,5,4,4,5,5,26,16,-10.2075413904471
"dissatisfied","Loyal Customer",40,"Personal Travel","Eco",2285,3,5,3,5,2,3,2,2,4,3,5,4,5,2,0,17,16.2425357329967
"dissatisfied","Loyal Customer",35,"Business travel","Eco",2217,1,3,3,3,1,1,1,1,3,4,3,4,4,1,21,24,2.68670421021514
"dissatisfied","Loyal Customer",44,"Personal Travel","Eco",1737,2,4,2,3,3,2,3,3,5,5,5,4,5,3,0,0,-0.757464267003349
"dissatisfied","Loyal Customer",38,"Business travel","Eco",3588,2,4,2,2,2,2,2,4,5,3,3,2,3,2,138,132,-3.83864284528184
"dissatisfied","disloyal Customer",36,"Business travel","Eco",1826,3,2,4,4,5,4,5,5,2,1,3,4,4,5,49,45,-3.72107115349354
"dissatisfied","Loyal Customer",53,"Personal Travel","Eco",2524,4,2,4,3,1,4,3,1,3,5,3,4,3,1,0,9,8.24253573299665
"dissatisfied","disloyal Customer",30,"Business travel","Eco",1917,1,1,1,4,2,1,2,2,3,5,3,1,4,2,39,25,-13.932579952169
"dissatisfied","disloyal Customer",26,"Business travel","Eco",1433,2,2,2,4,4,2,4,4,4,4,3,1,3,4,16,7,-9.41905018912259
"dissatisfied","disloyal Customer",37,"Business travel","Eco",1650,3,0,3,3,1,3,1,1,2,5,4,2,1,1,0,0,-0.757464267003349
"dissatisfied","disloyal Customer",20,"Business travel","Eco",2120,3,2,2,3,5,2,5,5,2,2,2,2,2,5,0,0,-0.757464267003349
"dissatisfied","Loyal Customer",40,"Personal Travel","Eco",2316,2,4,2,3,4,2,4,4,5,3,5,4,4,4,18,18,-0.376748429387498
"dissatisfied","Loyal Customer",10,"Personal Travel","Eco",1485,3,5,3,1,3,3,5,3,1,1,2,5,2,3,0,0,-0.757464267003349
"dissatisfied","disloyal Customer",23,"Business travel","Eco",2381,2,2,2,2,2,2,2,2,3,4,5,2,2,2,0,0,-0.757464267003349
"dissatisfied","Loyal Customer",10,"Personal Travel","Eco",2671,2,1,2,3,2,2,4,2,1,3,4,1,3,2,0,0,-0.757464267003349
"dissatisfied","Loyal Customer",28,"Personal Travel","Eco",1395,3,3,3,2,2,3,2,2,5,4,2,1,1,2,4,44,39.3271392524668
"dissatisfied","Loyal Customer",35,"Personal Travel","Eco",2078,3,2,0,2,3,0,3,3,2,3,1,1,2,3,0,0,-0.757464267003349
"dissatisfied","Loyal Customer",56,"Personal Travel","Eco",2228,2,2,2,4,1,2,1,1,3,4,3,1,3,1,0,0,-0.757464267003349
"dissatisfied","Loyal Customer",36,"Business travel","Eco",1128,2,4,4,4,2,2,2,2,2,4,2,1,1,2,0,0,-0.757464267003349
"dissatisfied","disloyal Customer",46,"Business travel","Eco",1609,3,4,3,4,4,3,2,4,1,2,1,2,1,4,94,99,6.2307184405461
"dissatisfied","Loyal Customer",14,"Personal Travel","Eco",1292,2,4,2,4,2,2,2,2,3,3,4,4,5,2,0,0,-0.757464267003349
"dissatisfied","Loyal Customer",17,"Personal Travel","Eco",2767,1,1,1,4,1,1,1,1,2,3,3,1,4,1,115,131,17.6748869177646
"dissatisfied","Loyal Customer",35,"Business travel","Eco",2014,3,1,2,2,3,3,3,3,3,2,3,3,3,3,0,0,-0.757464267003349
"dissatisfied","disloyal Customer",23,"Business travel","Eco",2845,2,2,2,4,2,2,2,2,2,2,3,3,4,2,0,0,-0.757464267003349
"dissatisfied","disloyal Customer",23,"Business travel","Eco",2012,1,1,1,4,4,1,4,4,4,5,3,3,4,4,0,0,-0.757464267003349
"dissatisfied","Loyal Customer",30,"Personal Travel","Eco",1885,2,4,2,1,2,2,2,2,5,4,5,4,5,2,0,0,-0.757464267003349
"dissatisfied","Loyal Customer",66,"Personal Travel","Eco",2389,2,2,1,3,4,1,4,4,4,4,4,3,3,4,0,0,-0.757464267003349
"dissatisfied","Loyal Customer",22,"Personal Travel","Eco",1724,2,0,4,3,3,4,3,3,5,2,4,3,4,3,0,0,-0.757464267003349
"dissatisfied","disloyal Customer",46,"Personal Travel","Eco",1708,2,4,2,3,2,2,2,2,4,5,5,3,5,2,0,0,-0.757464267003349
"dissatisfied","Loyal Customer",28,"Personal Travel","Eco",2179,1,4,1,4,4,1,1,4,5,3,5,5,5,4,0,0,-0.757464267003349
"dissatisfied","Loyal Customer",43,"Business travel","Eco",809,3,5,5,5,5,2,3,3,3,3,3,1,3,1,10,4,-6.54595546832788
"dissatisfied","Loyal Customer",11,"Personal Travel","Eco",1932,2,5,2,3,2,1,5,3,3,5,5,5,5,5,143,148,7.26711155405592
"dissatisfied","disloyal Customer",24,"Business travel","Eco",1640,3,2,3,4,2,3,2,2,2,4,4,2,4,2,55,51,-3.59416587428825
"dissatisfied","Loyal Customer",39,"Business travel","Eco",1991,1,4,4,4,1,1,1,1,3,2,4,3,4,1,0,0,-0.757464267003349
"dissatisfied","Loyal Customer",48,"Personal Travel","Eco",1817,2,5,0,3,1,0,1,1,4,3,4,5,5,1,0,0,-0.757464267003349
"dissatisfied","Loyal Customer",36,"Business travel","Eco",2357,4,3,3,3,4,4,4,4,2,3,3,1,3,4,24,7,-17.2498431501822
"dissatisfied","disloyal Customer",36,"Business travel","Eco",1590,1,0,1,5,5,1,5,5,5,4,4,2,4,5,0,0,-0.757464267003349
"dissatisfied","Loyal Customer",55,"Personal Travel","Eco",1624,4,5,4,4,4,4,4,4,3,2,4,5,5,4,0,0,-0.757464267003349
"dissatisfied","Loyal Customer",52,"Personal Travel","Eco",2131,3,3,3,3,3,3,3,3,4,4,4,3,3,3,0,0,-0.757464267003349
"dissatisfied","disloyal Customer",29,"Business travel","Eco",1900,3,4,3,4,4,3,1,4,4,3,3,2,4,4,18,6,-12.3767484293875
"dissatisfied","Loyal Customer",55,"Personal Travel","Eco",2378,2,5,1,5,5,1,5,5,3,2,4,5,4,5,9,11,1.43289365180458
"dissatisfied","disloyal Customer",23,"Business travel","Eco",1517,2,0,2,2,4,2,4,4,5,5,4,3,4,4,0,0,-0.757464267003349
"dissatisfied","Loyal Customer",9,"Personal Travel","Eco",2049,3,5,3,4,5,3,5,5,4,3,3,5,5,5,0,7,6.24253573299665
"dissatisfied","Loyal Customer",59,"Personal Travel","Eco",1475,3,3,3,4,3,3,3,3,3,4,3,2,3,3,13,13,-0.482502828725235
"dissatisfied","Loyal Customer",53,"Personal Travel","Eco",2555,2,4,2,1,1,2,1,1,3,4,4,3,5,1,0,0,-0.757464267003349
"dissatisfied","Loyal Customer",46,"Personal Travel","Eco",1473,3,3,3,2,2,3,2,2,3,2,5,2,2,2,32,12,-20.0806361112418
"dissatisfied","disloyal Customer",20,"Business travel","Eco",1479,2,3,2,3,4,2,4,4,1,2,3,3,3,4,20,23,2.6655533303476
"dissatisfied","Loyal Customer",64,"Personal Travel","Eco",2418,3,1,4,4,4,4,4,4,3,1,4,1,3,4,2,15,12.2848374927317
"dissatisfied","Loyal Customer",41,"Personal Travel","Eco",1747,3,5,3,2,2,3,5,2,4,5,5,4,5,2,7,0,-7.60940810793052
"dissatisfied","Loyal Customer",65,"Personal Travel","Eco",1025,3,5,3,5,1,3,1,1,4,2,5,4,5,1,0,0,-0.757464267003349
"dissatisfied","Loyal Customer",48,"Business travel","Eco",1619,3,1,1,1,3,3,3,3,1,5,1,2,1,3,0,0,-0.757464267003349
"dissatisfied","Loyal Customer",43,"Personal Travel","Eco",2255,2,4,1,3,4,1,4,4,4,5,4,5,5,4,0,0,-0.757464267003349
"dissatisfied","Loyal Customer",36,"Business travel","Eco",1923,4,1,3,1,4,3,4,4,4,3,3,2,3,4,0,5,4.24253573299665
"dissatisfied","disloyal Customer",21,"Business travel","Eco",1681,2,2,1,4,1,1,1,1,4,4,3,4,3,1,7,0,-7.60940810793052
"dissatisfied","Loyal Customer",49,"Personal Travel","Eco",1699,2,4,2,1,2,2,4,2,3,2,5,4,5,2,0,0,-0.757464267003349
"dissatisfied","disloyal Customer",21,"Business travel","Eco",1805,3,1,3,2,2,3,2,2,1,2,2,4,2,2,15,22,6.55979893100986
"dissatisfied","Loyal Customer",32,"Personal Travel","Eco",1692,3,4,3,4,1,3,1,1,3,3,4,4,4,1,0,0,-0.757464267003349
"dissatisfied","Loyal Customer",28,"Personal Travel","Eco",2750,4,5,4,3,1,4,1,1,5,3,1,1,4,1,113,110,-1.36741484197051
"dissatisfied","Loyal Customer",27,"Personal Travel","Eco",2211,3,5,4,3,4,4,3,4,1,3,3,3,4,4,0,0,-0.757464267003349
"dissatisfied","Loyal Customer",30,"Business travel","Eco",1875,2,2,4,4,2,2,2,2,2,1,4,2,3,2,34,18,-16.0383343515067
"dissatisfied","Loyal Customer",67,"Personal Travel","Eco",1383,4,4,3,4,2,5,4,2,2,3,2,3,2,5,0,0,-0.757464267003349
"dissatisfied","Loyal Customer",19,"Personal Travel","Eco",1735,1,4,1,4,5,1,5,5,2,2,3,3,4,5,1,0,-1.7363133871358
"dissatisfied","Loyal Customer",22,"Business travel","Eco",2339,4,4,4,4,4,4,4,4,2,2,4,1,4,4,0,0,-0.757464267003349
"dissatisfied","Loyal Customer",65,"Personal Travel","Eco",1406,2,4,0,4,4,0,3,4,1,3,4,3,4,4,0,1,0.242535732996651
"dissatisfied","Loyal Customer",39,"Business travel","Eco",1938,3,1,1,1,3,3,3,3,2,2,3,3,4,3,0,9,8.24253573299665
"dissatisfied","disloyal Customer",36,"Business travel","Eco",2279,4,4,4,3,4,4,4,2,1,3,4,4,4,4,215,223,11.7899749045193
"dissatisfied","Loyal Customer",44,"Business travel","Eco",2785,3,5,5,5,3,3,3,3,1,3,3,4,3,3,0,0,-0.757464267003349
"dissatisfied","disloyal Customer",24,"Business travel","Eco",2784,2,2,2,5,5,2,3,5,5,1,3,4,4,5,23,23,-0.270994030049762
"dissatisfied","Loyal Customer",54,"Personal Travel","Eco",1324,2,5,2,2,1,2,1,1,4,3,2,2,5,1,0,1,0.242535732996651
"dissatisfied","disloyal Customer",8,"Business travel","Eco",1806,1,1,1,3,3,1,3,3,4,5,3,1,4,3,11,9,-2.52480458846033
"dissatisfied","Loyal Customer",57,"Business travel","Eco",762,1,2,2,2,2,4,3,1,1,1,1,3,1,2,0,0,-0.757464267003349
"dissatisfied","Loyal Customer",49,"Business travel","Eco",1667,1,1,4,1,1,1,1,1,1,3,3,1,2,1,0,0,-0.757464267003349
"dissatisfied","Loyal Customer",52,"Personal Travel","Eco",1936,2,4,3,1,2,3,2,2,5,5,5,5,5,2,0,0,-0.757464267003349
"dissatisfied","Loyal Customer",27,"Personal Travel","Eco",2074,2,2,2,4,2,3,3,4,4,4,3,3,3,3,116,146,31.6960377976321
"dissatisfied","disloyal Customer",24,"Business travel","Eco",1310,2,0,2,4,3,2,3,3,5,5,5,4,4,3,0,0,-0.757464267003349
"dissatisfied","disloyal Customer",39,"Business travel","Eco",1763,1,3,1,3,2,1,2,2,4,4,3,3,4,2,12,0,-12.5036537085928
"dissatisfied","Loyal Customer",40,"Personal Travel","Eco",1756,2,0,0,1,0,3,2,4,2,5,5,2,5,2,114,155,42.653736037897
"dissatisfied","Loyal Customer",27,"Personal Travel","Eco",1805,2,0,2,4,5,2,1,5,4,4,4,5,5,5,0,0,-0.757464267003349
"dissatisfied","Loyal Customer",52,"Personal Travel","Eco",444,4,5,4,5,5,4,4,1,1,4,1,3,1,3,15,10,-5.44020106899014
"dissatisfied","Loyal Customer",16,"Personal Travel","Eco",2249,3,4,3,3,2,3,2,2,1,2,3,1,3,2,17,11,-6.39789930925505
"dissatisfied","Loyal Customer",20,"Personal Travel","Eco",1680,4,3,4,3,1,4,1,1,3,4,4,2,4,1,0,0,-0.757464267003349
"dissatisfied","Loyal Customer",68,"Business travel","Eco",423,3,4,4,4,4,2,3,3,3,3,3,1,3,1,1,19,17.2636866128642
"dissatisfied","Loyal Customer",41,"Personal Travel","Eco",1660,3,2,2,4,3,2,3,3,4,2,4,3,3,3,0,0,-0.757464267003349
"dissatisfied","Loyal Customer",7,"Personal Travel","Eco",2360,2,4,2,3,1,2,1,1,3,2,4,4,4,1,2,0,-2.71516250726825
"dissatisfied","Loyal Customer",32,"Personal Travel","Eco",1716,3,5,3,4,5,3,5,5,5,2,5,3,5,5,0,0,-0.757464267003349
"dissatisfied","Loyal Customer",37,"Business travel","Eco",1752,4,2,2,2,4,4,4,4,2,1,3,3,3,4,0,0,-0.757464267003349
"dissatisfied","Loyal Customer",31,"Personal Travel","Eco",1267,4,4,1,4,3,1,3,3,5,5,5,2,2,3,0,11,10.2425357329967
"dissatisfied","Loyal Customer",39,"Business travel","Eco",848,3,3,3,3,3,3,3,3,3,2,3,3,3,3,0,5,4.24253573299665
"dissatisfied","Loyal Customer",60,"Personal Travel","Eco",1816,1,4,1,4,3,1,3,3,2,2,3,2,4,3,0,0,-0.757464267003349
"dissatisfied","Loyal Customer",29,"Personal Travel","Eco",1784,1,4,1,3,1,1,1,1,3,3,5,4,4,1,74,79,5.80770084319515
"dissatisfied","disloyal Customer",29,"Business travel","Eco",1284,3,4,3,2,4,3,3,4,4,3,2,4,4,4,0,0,-0.757464267003349
"dissatisfied","Loyal Customer",55,"Personal Travel","Eco",1360,3,4,2,1,1,2,1,1,3,2,4,4,4,1,0,0,-0.757464267003349
"dissatisfied","Loyal Customer",36,"Personal Travel","Eco",1016,2,4,2,3,2,2,2,2,5,3,4,4,4,2,0,0,-0.757464267003349
"dissatisfied","Loyal Customer",63,"Business travel","Eco",1951,1,4,4,4,1,1,1,1,4,1,3,4,4,1,0,0,-0.757464267003349
"dissatisfied","Loyal Customer",42,"Business travel","Eco",1454,2,3,3,3,3,2,3,3,4,3,3,4,3,3,93,121,29.2095675606785
"dissatisfied","Loyal Customer",53,"Personal Travel","Eco",837,4,3,3,2,1,5,4,4,4,3,5,1,4,1,2,0,-2.71516250726825
"dissatisfied","disloyal Customer",29,"Business travel","Eco",2556,1,1,1,3,1,2,2,1,5,3,3,2,3,2,101,210,110.378774599619
"dissatisfied","disloyal Customer",24,"Business travel","Eco",2227,3,3,3,3,1,3,1,1,4,3,3,1,4,1,39,19,-19.932579952169
"dissatisfied","Loyal Customer",15,"Personal Travel","Eco",2115,2,1,2,3,2,4,4,3,4,4,4,4,3,4,254,239,-10.3851407806463
"dissatisfied","disloyal Customer",25,"Business travel","Eco",2062,4,3,4,2,3,4,3,3,2,2,3,4,2,3,0,0,-0.757464267003349
"dissatisfied","disloyal Customer",37,"Business travel","Eco",1741,1,3,1,3,2,1,2,2,3,1,3,2,3,2,10,30,19.4540445316721
"dissatisfied","disloyal Customer",22,"Business travel","Eco",1599,3,0,3,3,4,3,4,4,5,4,4,4,5,4,0,0,-0.757464267003349
"dissatisfied","disloyal Customer",43,"Business travel","Eco",1945,2,4,2,4,4,2,2,4,3,5,4,3,3,4,0,6,5.24253573299665
"dissatisfied","disloyal Customer",27,"Business travel","Eco",2497,2,2,2,3,2,2,2,2,5,3,5,5,5,2,41,60,19.1097218075661
"dissatisfied","Loyal Customer",38,"Business travel","Eco",2977,1,5,5,5,1,2,1,1,2,2,2,4,3,1,0,0,-0.757464267003349
"dissatisfied","disloyal Customer",26,"Business travel","Eco",2770,3,3,3,3,4,3,4,4,2,2,3,3,4,4,0,0,-0.757464267003349
"dissatisfied","Loyal Customer",39,"Personal Travel","Eco",1677,4,5,4,5,5,4,3,5,5,2,5,5,1,5,0,0,-0.757464267003349
"dissatisfied","disloyal Customer",45,"Business travel","Eco",1513,1,3,1,3,3,1,5,3,5,4,3,3,3,3,0,0,-0.757464267003349
"dissatisfied","Loyal Customer",20,"Personal Travel","Eco",2354,3,5,4,3,3,4,3,3,5,2,5,4,5,3,0,0,-0.757464267003349
"dissatisfied","Loyal Customer",10,"Personal Travel","Eco",2461,1,4,1,3,1,1,4,1,3,1,4,4,5,1,0,0,-0.757464267003349
"dissatisfied","Loyal Customer",42,"Business travel","Eco",2180,4,1,4,1,2,2,2,4,4,4,4,1,4,3,40,33,-6.91142907230146
"dissatisfied","Loyal Customer",51,"Business travel","Eco",237,2,5,5,5,1,1,2,2,2,2,2,1,2,1,6,31,24.3694410122019
"dissatisfied","Loyal Customer",37,"Personal Travel","Eco",1779,1,4,1,5,4,1,4,4,4,2,4,5,5,4,15,13,-2.44020106899014
"dissatisfied","disloyal Customer",12,"Business travel","Eco",2510,4,4,4,4,3,4,3,3,4,3,4,4,3,3,12,0,-12.5036537085928
"dissatisfied","Loyal Customer",10,"Personal Travel","Eco",2191,3,5,3,2,2,3,2,2,4,4,4,3,4,2,8,8,-0.588257228062971
"dissatisfied","Loyal Customer",43,"Business travel","Eco",1206,4,4,4,4,4,4,4,4,1,4,2,4,1,4,0,0,-0.757464267003349
"dissatisfied","disloyal Customer",29,"Business travel","Eco",2506,3,3,3,3,2,3,2,2,1,1,3,3,4,2,0,9,8.24253573299665
"dissatisfied","disloyal Customer",22,"Business travel","Eco",2729,2,3,3,2,3,2,3,3,5,1,5,4,1,3,1,0,-1.7363133871358
"dissatisfied","Loyal Customer",55,"Personal Travel","Eco",1602,1,5,1,1,5,1,5,5,4,5,5,3,4,5,0,0,-0.757464267003349
"dissatisfied","Loyal Customer",39,"Business travel","Eco",1365,3,5,5,5,3,3,3,3,2,1,4,3,3,3,0,0,-0.757464267003349
"dissatisfied","disloyal Customer",8,"Business travel","Eco",2379,4,4,4,4,3,4,3,3,4,2,4,3,4,3,0,0,-0.757464267003349
"dissatisfied","disloyal Customer",22,"Business travel","Eco",2520,2,2,2,4,1,2,1,1,4,4,4,1,3,1,0,0,-0.757464267003349
"dissatisfied","Loyal Customer",26,"Personal Travel","Eco",1863,3,4,4,4,5,4,5,5,2,4,1,3,4,5,2,12,9.28483749273174
"dissatisfied","Loyal Customer",53,"Personal Travel","Eco",1551,2,3,2,2,2,2,5,2,3,2,1,3,5,2,8,2,-6.58825722806297
"dissatisfied","Loyal Customer",43,"Business travel","Eco",64,3,5,5,5,4,4,4,3,3,3,3,3,3,1,42,55,13.1308726874336
"dissatisfied","Loyal Customer",43,"Business travel","Eco",517,2,3,4,4,2,2,2,2,2,2,2,2,2,2,80,77,-2.06539387759957
"dissatisfied","disloyal Customer",61,"Business travel","Eco",1217,2,0,1,5,3,1,3,3,2,2,4,1,3,3,0,0,-0.757464267003349
"dissatisfied","Loyal Customer",51,"Personal Travel","Eco",1381,4,5,4,5,4,4,3,4,4,4,5,5,4,4,0,0,-0.757464267003349
"dissatisfied","disloyal Customer",43,"Business travel","Eco",2219,4,4,4,4,2,4,2,2,3,5,3,4,4,2,0,1,0.242535732996651
"dissatisfied","Loyal Customer",20,"Personal Travel","Eco",2554,4,4,4,4,3,4,3,3,3,2,3,1,4,3,20,14,-6.3344466696524
"dissatisfied","Loyal Customer",64,"Personal Travel","Eco",1823,2,4,0,2,4,0,2,4,5,3,5,3,2,4,59,59,0.490437645181932
"dissatisfied","Loyal Customer",7,"Personal Travel","Eco",2665,3,4,3,4,3,3,3,1,2,4,4,3,4,3,144,173,31.2882624339235
"dissatisfied","disloyal Customer",43,"Business travel","Eco",2551,3,3,3,3,3,2,2,2,5,4,4,2,1,2,8,0,-8.58825722806297
"dissatisfied","Loyal Customer",16,"Personal Travel","Eco",1212,3,4,3,1,5,3,2,5,4,2,4,3,5,5,12,20,7.49634629140722
"dissatisfied","Loyal Customer",36,"Personal Travel","Eco",1351,4,4,4,5,2,4,2,2,4,4,4,3,4,2,0,0,-0.757464267003349
"dissatisfied","disloyal Customer",25,"Business travel","Eco",2182,1,2,1,4,1,3,3,1,5,4,4,3,2,3,184,170,-10.8657023713746
"dissatisfied","Loyal Customer",64,"Personal Travel","Eco",1588,1,5,4,1,3,4,3,3,3,4,1,1,4,3,0,0,-0.757464267003349
"dissatisfied","Loyal Customer",29,"Personal Travel","Eco",2602,2,5,2,3,4,2,2,4,3,4,4,5,5,4,5,0,-5.65170986766561
"dissatisfied","Loyal Customer",30,"Personal Travel","Eco",1296,1,5,1,2,3,1,3,3,4,5,5,3,4,3,0,4,3.24253573299665
"dissatisfied","disloyal Customer",33,"Business travel","Eco",2045,3,0,3,4,3,3,3,3,5,2,4,5,2,3,0,0,-0.757464267003349
"dissatisfied","disloyal Customer",25,"Business travel","Eco",3115,2,2,2,1,5,2,5,5,3,3,5,5,5,5,1,0,-1.7363133871358
"dissatisfied","disloyal Customer",8,"Business travel","Eco",1403,3,3,3,3,3,3,2,3,3,1,4,2,4,3,0,0,-0.757464267003349
"dissatisfied","disloyal Customer",28,"Business travel","Eco",2455,3,3,3,3,5,3,5,5,1,2,3,2,3,5,0,0,-0.757464267003349
"dissatisfied","Loyal Customer",31,"Personal Travel","Eco",2034,1,5,1,1,4,1,4,4,5,3,5,3,5,4,6,0,-6.63055898779807
"dissatisfied","Loyal Customer",44,"Personal Travel","Eco",2711,2,2,2,4,2,2,2,2,1,1,4,2,3,2,0,0,-0.757464267003349
"dissatisfied","Loyal Customer",44,"Personal Travel","Eco",1122,2,4,2,3,2,2,2,2,3,3,4,5,4,2,0,0,-0.757464267003349
"dissatisfied","Loyal Customer",10,"Business travel","Eco",1748,3,4,4,4,3,3,2,3,3,2,4,4,4,3,44,40,-3.82682555283127
"dissatisfied","Loyal Customer",25,"Personal Travel","Eco",1333,3,4,3,3,3,3,3,3,5,3,4,4,4,3,0,0,-0.757464267003349
"dissatisfied","Loyal Customer",34,"Personal Travel","Eco",3823,2,0,2,1,2,3,3,2,3,3,5,3,4,3,0,0,-0.757464267003349
"dissatisfied","Loyal Customer",41,"Business travel","Eco",2689,3,1,1,1,3,3,3,3,1,3,4,3,3,3,70,42,-27.276902676275
"dissatisfied","disloyal Customer",24,"Business travel","Eco",1717,1,1,1,4,2,1,2,2,2,5,3,3,4,2,0,0,-0.757464267003349
"dissatisfied","disloyal Customer",49,"Business travel","Eco",2421,3,3,3,3,2,3,2,2,4,3,4,1,3,2,0,13,12.2425357329967
"dissatisfied","Loyal Customer",47,"Personal Travel","Eco",2171,2,3,2,3,1,2,1,1,3,5,4,2,5,1,2,0,-2.71516250726825
"dissatisfied","Loyal Customer",69,"Personal Travel","Eco",1845,3,4,3,5,2,3,2,2,4,4,4,4,4,2,5,5,-0.651709867665613
"dissatisfied","Loyal Customer",32,"Business travel","Eco",1935,4,3,3,3,4,3,4,4,1,2,3,3,3,4,7,0,-7.60940810793052
"dissatisfied","Loyal Customer",53,"Personal Travel","Eco",1698,1,2,1,4,4,1,4,4,4,2,3,4,3,4,0,0,-0.757464267003349
"dissatisfied","Loyal Customer",67,"Business travel","Eco",1240,3,5,3,3,3,3,3,3,4,5,4,3,3,3,0,0,-0.757464267003349
"dissatisfied","disloyal Customer",24,"Business travel","Eco",1897,2,4,1,4,5,1,5,5,1,2,3,5,3,5,0,0,-0.757464267003349
"dissatisfied","Loyal Customer",36,"Business travel","Eco",1599,1,5,5,5,1,1,1,1,4,4,3,3,3,1,17,8,-9.39789930925505
"dissatisfied","Loyal Customer",34,"Business travel","Eco",1500,4,2,2,2,4,4,4,4,3,2,4,2,3,4,0,0,-0.757464267003349
"dissatisfied","Loyal Customer",48,"Business travel","Eco",311,3,1,1,1,4,3,3,3,3,3,3,4,3,1,38,28,-9.95373083203655
"dissatisfied","Loyal Customer",46,"Business travel","Eco",1708,3,3,3,3,3,3,3,3,1,1,3,3,3,3,89,74,-13.8750359587916
"dissatisfied","disloyal Customer",35,"Business travel","Eco",2367,2,3,2,3,2,3,3,2,4,4,4,3,4,3,162,131,-28.3310217284607
"dissatisfied","Loyal Customer",49,"Personal Travel","Eco",2218,1,2,1,2,1,1,1,1,3,5,2,3,3,1,1,0,-1.7363133871358
"dissatisfied","Loyal Customer",7,"Personal Travel","Eco",1709,1,5,1,1,2,1,2,2,5,5,5,5,4,2,125,91,-32.1136042835599
"dissatisfied","disloyal Customer",43,"Business travel","Eco",1884,2,4,2,3,4,2,4,4,3,1,4,1,3,4,0,0,-0.757464267003349
"dissatisfied","Loyal Customer",66,"Personal Travel","Eco",2157,3,5,3,1,5,3,5,5,3,4,5,4,5,5,31,16,-15.1017869911094
"dissatisfied","disloyal Customer",20,"Business travel","Eco",1608,3,4,3,3,2,3,2,2,5,4,2,3,2,2,0,0,-0.757464267003349
"dissatisfied","Loyal Customer",51,"Business travel","Eco",1487,2,1,1,1,2,4,4,2,2,2,2,4,2,3,2,0,-2.71516250726825
"dissatisfied","Loyal Customer",49,"Personal Travel","Eco",1475,3,4,3,1,2,3,2,2,5,1,3,3,4,2,0,0,-0.757464267003349
"dissatisfied","disloyal Customer",30,"Business travel","Eco",1841,3,3,3,3,2,3,2,2,4,3,4,1,3,2,29,2,-27.1440887508445
"dissatisfied","Loyal Customer",57,"Business travel","Eco",1019,1,1,5,5,1,1,1,1,3,3,4,2,4,1,0,0,-0.757464267003349
"dissatisfied","disloyal Customer",23,"Business travel","Eco",1859,2,0,2,4,5,2,5,5,3,5,4,4,4,5,0,0,-0.757464267003349
"dissatisfied","Loyal Customer",50,"Personal Travel","Eco",1901,3,2,3,2,1,3,1,1,3,3,3,3,2,1,0,0,-0.757464267003349
"dissatisfied","disloyal Customer",24,"Business travel","Eco",2907,3,3,3,2,1,3,1,1,3,2,5,5,4,1,0,0,-0.757464267003349
"dissatisfied","disloyal Customer",27,"Business travel","Eco",1505,2,0,2,4,2,2,5,2,2,4,3,5,5,2,0,0,-0.757464267003349
"dissatisfied","Loyal Customer",66,"Personal Travel","Eco",2245,3,4,3,2,3,3,1,3,5,5,4,5,4,3,32,41,8.91936388875816
"dissatisfied","disloyal Customer",22,"Business travel","Eco",2232,2,2,2,3,5,2,5,5,4,4,3,2,4,5,0,0,-0.757464267003349
"dissatisfied","Loyal Customer",23,"Business travel","Eco",1939,2,4,4,4,2,3,2,2,5,3,3,2,1,2,172,185,15.8804870702148
"dissatisfied","Loyal Customer",11,"Personal Travel","Eco",2000,3,5,5,3,3,5,3,3,5,4,4,3,5,3,0,1,0.242535732996651
"dissatisfied","Loyal Customer",38,"Business travel","Eco",1521,2,5,2,5,2,2,2,2,2,5,3,1,4,2,87,89,3.08266228147326
"dissatisfied","Loyal Customer",57,"Business travel","Eco",1629,1,0,0,4,3,1,3,3,4,4,4,4,4,3,1,9,7.2636866128642
"dissatisfied","Loyal Customer",53,"Personal Travel","Eco",1586,2,5,3,3,2,3,2,2,3,2,4,4,4,2,0,0,-0.757464267003349
"dissatisfied","disloyal Customer",24,"Business travel","Eco",2093,2,2,2,4,3,2,3,3,1,1,4,3,4,3,2,1,-1.71516250726825
"dissatisfied","Loyal Customer",54,"Business travel","Eco",382,2,5,5,5,1,4,4,2,2,2,2,2,2,3,0,0,-0.757464267003349
"dissatisfied","Loyal Customer",33,"Personal Travel","Eco",1951,4,1,4,4,1,4,1,1,4,2,3,1,4,1,0,0,-0.757464267003349
"dissatisfied","disloyal Customer",13,"Business travel","Eco",2496,2,2,2,3,1,2,1,1,1,1,4,1,3,1,13,7,-6.48250282872523
"dissatisfied","disloyal Customer",23,"Business travel","Eco",2359,2,0,2,4,5,2,5,5,5,3,4,3,4,5,0,0,-0.757464267003349
"dissatisfied","Loyal Customer",61,"Personal Travel","Eco",2951,3,0,3,4,3,3,1,3,1,5,3,4,3,3,107,82,-23.4943201211758
"dissatisfied","Loyal Customer",63,"Personal Travel","Eco",1868,2,1,2,4,3,2,2,3,2,2,3,1,4,3,0,0,-0.757464267003349
"dissatisfied","Loyal Customer",55,"Personal Travel","Eco",2871,3,4,3,3,3,3,3,3,5,4,4,3,4,3,1,0,-1.7363133871358
"dissatisfied","Loyal Customer",67,"Personal Travel","Eco",2816,3,4,3,3,1,3,1,1,3,3,4,3,4,1,7,0,-7.60940810793052
"dissatisfied","Loyal Customer",41,"Business travel","Eco",1983,3,4,4,4,3,3,3,3,1,2,4,4,3,3,0,0,-0.757464267003349
"dissatisfied","Loyal Customer",49,"Personal Travel","Eco",2648,3,4,3,3,4,3,4,4,1,5,2,1,4,4,0,0,-0.757464267003349
"dissatisfied","Loyal Customer",23,"Business travel","Eco",2540,3,2,2,2,3,3,4,3,4,4,3,2,4,3,0,3,2.24253573299665
"dissatisfied","Loyal Customer",17,"Personal Travel","Eco",2587,2,4,2,1,3,2,3,3,4,5,5,5,5,3,80,85,5.93460612240043
"dissatisfied","Loyal Customer",69,"Personal Travel","Eco",285,4,4,4,4,1,3,4,2,2,4,2,2,2,1,12,11,-1.50365370859278
"dissatisfied","disloyal Customer",58,"Business travel","Eco",1552,2,0,2,1,4,2,4,4,2,5,1,4,4,4,0,0,-0.757464267003349
"dissatisfied","disloyal Customer",17,"Business travel","Eco",1315,1,1,1,3,5,1,5,5,1,3,3,3,3,5,0,0,-0.757464267003349
"dissatisfied","Loyal Customer",38,"Personal Travel","Eco",1655,3,5,3,3,3,3,2,3,4,5,5,4,4,3,0,0,-0.757464267003349
"dissatisfied","Loyal Customer",60,"Personal Travel","Eco",2397,3,4,2,3,5,2,5,5,4,5,4,5,5,5,52,62,10.3423814861091
"dissatisfied","Loyal Customer",65,"Personal Travel","Eco",2265,4,5,4,1,3,4,3,3,5,3,5,5,5,3,0,0,-0.757464267003349
"dissatisfied","Loyal Customer",65,"Personal Travel","Eco",2038,1,4,1,5,2,1,2,2,4,4,4,3,5,2,0,0,-0.757464267003349
"dissatisfied","disloyal Customer",54,"Business travel","Eco",2210,2,1,1,4,2,1,2,2,4,5,3,3,4,2,0,19,18.2425357329967
"dissatisfied","disloyal Customer",8,"Business travel","Eco",1902,4,4,4,3,5,4,5,5,4,1,3,4,3,5,0,0,-0.757464267003349
"dissatisfied","Loyal Customer",36,"Personal Travel","Eco",2223,3,2,3,1,3,3,4,3,3,1,2,4,3,4,175,159,-13.0560602901826
"dissatisfied","Loyal Customer",52,"Personal Travel","Eco",1357,2,5,2,4,1,2,1,1,3,5,5,4,5,1,8,7,-1.58825722806297
"dissatisfied","disloyal Customer",24,"Business travel","Eco",1217,2,2,2,4,3,2,3,3,4,5,4,2,4,3,20,6,-14.3344466696524
"dissatisfied","disloyal Customer",28,"Business travel","Eco",2671,2,2,2,3,1,2,1,1,5,2,5,3,3,1,0,0,-0.757464267003349
"dissatisfied","Loyal Customer",33,"Personal Travel","Eco",1664,2,4,2,2,4,2,4,4,4,4,4,4,5,4,0,0,-0.757464267003349
"dissatisfied","Loyal Customer",20,"Personal Travel","Eco",1852,4,4,4,3,4,4,4,4,4,2,4,4,4,4,120,127,8.78064131710232
"dissatisfied","disloyal Customer",23,"Business travel","Eco",2736,2,2,2,2,2,2,2,2,4,1,4,2,1,2,0,0,-0.757464267003349
"dissatisfied","Loyal Customer",61,"Personal Travel","Eco",92,4,3,4,4,5,4,3,2,2,4,2,3,2,2,3,24,20.3059883725993
"dissatisfied","Loyal Customer",52,"Personal Travel","Eco",1562,2,5,3,5,1,3,1,1,3,3,1,1,3,1,0,0,-0.757464267003349
"dissatisfied","Loyal Customer",58,"Business travel","Eco",355,1,4,4,4,4,2,2,1,1,1,1,3,1,1,0,18,17.2425357329967
"dissatisfied","Loyal Customer",55,"Personal Travel","Eco",1935,2,5,2,3,4,2,1,4,4,4,4,3,5,4,0,0,-0.757464267003349
"dissatisfied","Loyal Customer",13,"Personal Travel","Eco",1262,1,4,4,5,1,4,1,1,3,4,4,4,5,1,15,18,2.55979893100986
"dissatisfied","Loyal Customer",19,"Business travel","Eco",989,2,3,3,3,2,2,4,2,1,4,4,3,3,2,112,110,-0.388565721838052
"dissatisfied","disloyal Customer",20,"Business travel","Eco",1820,2,2,2,4,4,2,4,4,1,1,3,3,3,4,0,16,15.2425357329967
"dissatisfied","disloyal Customer",27,"Business travel","Eco",1883,2,5,2,2,2,2,2,2,4,4,3,5,5,2,26,55,28.7924586095529
"dissatisfied","disloyal Customer",23,"Business travel","Eco",1592,1,0,1,3,4,1,2,4,5,3,1,4,4,4,0,0,-0.757464267003349
"dissatisfied","Loyal Customer",19,"Personal Travel","Eco",2097,3,5,3,5,3,3,2,3,4,4,4,3,4,3,0,0,-0.757464267003349
"dissatisfied","disloyal Customer",21,"Business travel","Eco",2128,1,2,2,4,4,2,4,4,4,4,4,4,4,4,32,26,-6.08063611124184
"dissatisfied","Loyal Customer",47,"Personal Travel","Eco",1787,1,4,0,2,5,0,5,5,4,2,4,3,4,5,0,3,2.24253573299665
"dissatisfied","disloyal Customer",26,"Business travel","Eco",2871,3,4,4,3,4,4,4,4,1,1,2,5,1,4,2,13,10.2848374927317
"dissatisfied","disloyal Customer",42,"Business travel","Eco",2297,1,2,2,3,2,2,2,2,3,2,4,4,4,2,0,0,-0.757464267003349
"dissatisfied","disloyal Customer",37,"Business travel","Eco",2808,1,0,0,3,0,5,5,2,1,3,4,5,1,5,151,131,-17.5636814070037
"dissatisfied","Loyal Customer",55,"Personal Travel","Eco",2382,1,3,1,2,4,1,4,4,2,2,2,4,2,4,0,23,22.2425357329967
"dissatisfied","disloyal Customer",26,"Business travel","Eco",1735,2,1,1,4,5,1,5,5,4,3,4,3,4,5,0,28,27.2425357329967
"dissatisfied","disloyal Customer",41,"Business travel","Eco",2370,3,3,3,1,4,3,4,4,2,2,2,2,2,4,22,36,13.7078550900827
"dissatisfied","Loyal Customer",41,"Business travel","Eco",1612,2,3,3,3,3,2,3,3,3,5,3,4,3,3,18,21,2.6232515706125
"dissatisfied","Loyal Customer",55,"Personal Travel","Eco",2459,4,5,4,4,2,4,2,2,4,4,1,3,4,2,0,0,-0.757464267003349
"dissatisfied","Loyal Customer",36,"Personal Travel","Eco",1946,2,5,5,2,5,5,5,5,3,4,5,3,4,5,0,0,-0.757464267003349
"dissatisfied","disloyal Customer",36,"Business travel","Eco",2169,2,5,2,3,2,1,1,1,1,3,1,1,2,1,171,185,16.8593361903473
"dissatisfied","Loyal Customer",14,"Personal Travel","Eco",2016,3,5,3,2,4,3,4,4,3,1,1,5,3,4,0,0,-0.757464267003349
"dissatisfied","Loyal Customer",56,"Personal Travel","Eco",1914,2,4,2,3,1,2,1,1,5,3,5,3,4,1,0,0,-0.757464267003349
"dissatisfied","Loyal Customer",56,"Personal Travel","Eco",1223,2,3,0,4,5,0,5,5,1,5,2,4,5,5,0,0,-0.757464267003349
"dissatisfied","disloyal Customer",17,"Business travel","Eco",1905,2,1,2,4,1,2,1,1,3,4,4,3,3,1,51,63,12.3212306062416
"dissatisfied","Loyal Customer",62,"Business travel","Eco",526,4,3,3,3,4,2,3,4,4,4,4,3,4,3,15,23,7.55979893100986
"dissatisfied","disloyal Customer",13,"Business travel","Eco",2438,3,3,3,3,2,3,2,2,1,1,3,1,4,2,0,0,-0.757464267003349
"dissatisfied","Loyal Customer",36,"Business travel","Eco",2143,3,1,1,1,3,3,3,3,2,3,3,3,3,3,0,0,-0.757464267003349
"dissatisfied","Loyal Customer",67,"Personal Travel","Eco",2194,2,4,2,4,2,2,2,2,5,4,5,3,4,2,0,4,3.24253573299665
"dissatisfied","disloyal Customer",25,"Business travel","Eco",2489,1,1,1,4,3,1,1,3,1,5,4,1,3,3,23,50,26.7290059699502
"dissatisfied","disloyal Customer",27,"Business travel","Eco",1751,1,0,1,3,5,1,5,5,2,1,1,5,3,5,0,0,-0.757464267003349
"dissatisfied","disloyal Customer",62,"Business travel","Eco",2623,4,4,4,2,3,4,3,3,4,4,1,2,3,3,18,29,10.6232515706125
"dissatisfied","disloyal Customer",18,"Business travel","Eco",1599,1,2,1,4,4,1,3,4,1,3,3,4,3,4,34,44,9.96166564849326
"dissatisfied","Loyal Customer",32,"Personal Travel","Eco",3930,1,3,0,1,4,0,4,4,2,5,4,2,3,4,0,0,-0.757464267003349
"dissatisfied","Loyal Customer",59,"Personal Travel","Eco",1799,1,4,1,1,3,1,3,3,1,4,3,1,4,3,81,81,0.955757002267971
"dissatisfied","Loyal Customer",47,"Personal Travel","Eco",88,4,5,4,4,3,5,4,2,2,4,5,3,2,5,0,3,2.24253573299665
"dissatisfied","Loyal Customer",37,"Personal Travel","Eco",2230,2,5,2,4,3,2,3,3,3,4,5,3,5,3,0,0,-0.757464267003349
"dissatisfied","Loyal Customer",33,"Personal Travel","Eco",3933,3,4,3,4,3,4,4,5,2,5,5,4,5,4,0,0,-0.757464267003349
"dissatisfied","disloyal Customer",20,"Business travel","Eco",1308,3,2,3,4,3,3,3,3,4,1,3,4,3,3,9,7,-2.56710634819542
"dissatisfied","disloyal Customer",24,"Business travel","Eco",1472,1,0,1,4,4,1,4,4,3,4,4,5,4,4,10,1,-9.54595546832788
"dissatisfied","Loyal Customer",24,"Personal Travel","Eco",2948,2,1,2,4,2,2,1,2,3,1,3,3,3,2,51,31,-19.6787693937584
"dissatisfied","Loyal Customer",50,"Business travel","Eco",2634,3,5,5,5,3,3,3,3,4,2,1,4,2,3,1,2,0.263686612864197
"dissatisfied","Loyal Customer",55,"Personal Travel","Eco",1607,2,5,2,3,3,2,3,3,1,3,5,3,4,3,4,0,-4.67286074753316
"dissatisfied","Loyal Customer",66,"Personal Travel","Eco",1636,3,2,2,3,2,2,1,2,3,4,4,2,4,2,0,0,-0.757464267003349
"dissatisfied","disloyal Customer",23,"Business travel","Eco",1523,2,5,2,4,3,2,2,3,5,2,5,3,5,3,0,0,-0.757464267003349
"dissatisfied","Loyal Customer",66,"Personal Travel","Eco",2795,4,5,4,4,4,4,4,4,4,2,4,3,4,4,0,0,-0.757464267003349
"dissatisfied","disloyal Customer",26,"Business travel","Eco",1449,2,0,2,5,2,2,2,2,1,3,3,1,1,2,6,5,-1.63055898779807
"dissatisfied","disloyal Customer",39,"Business travel","Eco",1846,1,4,1,4,4,1,4,4,2,1,4,4,3,4,42,34,-7.86912731256637
"dissatisfied","disloyal Customer",38,"Business travel","Eco",2036,4,3,4,2,3,4,1,3,4,3,2,2,3,3,20,33,12.6655533303476
"dissatisfied","Loyal Customer",56,"Business travel","Eco",1292,1,4,4,4,1,1,1,1,4,2,4,1,3,1,1,0,-1.7363133871358
"dissatisfied","disloyal Customer",25,"Business travel","Eco",2556,3,3,3,1,3,3,3,4,2,5,2,3,2,3,5,0,-5.65170986766561
"dissatisfied","Loyal Customer",46,"Business travel","Eco",446,4,5,3,5,4,3,3,4,4,4,4,2,4,3,0,3,2.24253573299665
"dissatisfied","Loyal Customer",39,"Personal Travel","Eco",3178,3,4,3,3,3,3,3,3,2,1,3,2,4,3,0,0,-0.757464267003349
"dissatisfied","Loyal Customer",19,"Personal Travel","Eco",2080,2,2,2,3,1,2,1,1,3,2,3,2,3,1,0,0,-0.757464267003349
"dissatisfied","Loyal Customer",19,"Personal Travel","Eco",1946,4,5,4,3,1,4,1,1,4,5,5,4,4,1,0,0,-0.757464267003349
"dissatisfied","disloyal Customer",28,"Business travel","Eco",4050,4,4,4,3,1,4,1,1,1,5,4,3,3,1,0,9,8.24253573299665
"dissatisfied","Loyal Customer",24,"Business travel","Eco",2393,3,4,4,4,3,3,1,3,4,2,3,2,3,3,0,7,6.24253573299665
"dissatisfied","Loyal Customer",42,"Personal Travel","Eco",1535,3,5,3,1,3,3,3,3,5,5,4,3,5,3,19,18,-1.35559754951995
"dissatisfied","Loyal Customer",32,"Personal Travel","Eco",1627,3,5,3,5,3,3,3,3,3,4,4,4,4,3,0,0,-0.757464267003349
"dissatisfied","disloyal Customer",43,"Business travel","Eco",1890,2,2,2,4,2,2,2,2,2,2,4,4,4,2,63,106,43.5750411646521
"dissatisfied","Loyal Customer",39,"Personal Travel","Eco",1422,2,3,2,3,3,2,3,3,3,3,3,3,3,3,0,0,-0.757464267003349
"dissatisfied","Loyal Customer",13,"Personal Travel","Eco",3681,3,4,3,3,3,3,3,3,1,3,4,3,3,3,2,0,-2.71516250726825
"dissatisfied","Loyal Customer",41,"Personal Travel","Eco",2471,1,1,1,1,5,1,5,5,2,1,2,3,2,5,0,0,-0.757464267003349
"dissatisfied","Loyal Customer",29,"Business travel","Eco",2293,1,3,3,3,1,1,1,1,3,4,3,3,3,1,6,11,4.36944101220193
"dissatisfied","Loyal Customer",9,"Business travel","Eco",1767,1,4,4,4,1,1,2,1,1,2,4,4,3,1,0,20,19.2425357329967
"dissatisfied","Loyal Customer",7,"Personal Travel","Eco",1412,4,5,4,4,3,4,3,3,4,3,5,3,5,3,1,4,2.2636866128642
"dissatisfied","Loyal Customer",55,"Personal Travel","Eco",586,4,5,5,4,4,4,5,3,3,5,5,4,3,5,0,0,-0.757464267003349
"dissatisfied","Loyal Customer",34,"Personal Travel","Eco",1762,3,3,3,2,1,3,1,1,3,2,3,2,2,1,0,0,-0.757464267003349
"dissatisfied","Loyal Customer",55,"Business travel","Eco",1619,1,1,3,1,1,1,1,1,2,4,3,1,3,1,41,36,-4.89027819243391
"dissatisfied","Loyal Customer",62,"Business travel","Eco",435,3,2,2,2,1,4,3,3,3,3,3,4,3,3,0,0,-0.757464267003349
"dissatisfied","disloyal Customer",22,"Business travel","Eco",1895,3,3,3,1,4,3,4,4,3,4,4,3,4,4,6,3,-3.63055898779806
"dissatisfied","Loyal Customer",62,"Business travel","Eco",1111,4,5,5,5,2,1,2,4,4,4,4,3,4,3,14,0,-14.4613519488577
"dissatisfied","Loyal Customer",25,"Personal Travel","Eco",2751,2,4,2,2,1,2,1,1,5,4,3,3,4,1,0,0,-0.757464267003349
"dissatisfied","disloyal Customer",22,"Business travel","Eco",1994,2,3,3,3,1,3,1,1,5,4,4,2,1,1,54,37,-16.6153167541558
"dissatisfied","Loyal Customer",17,"Personal Travel","Eco",1345,3,5,3,5,4,3,4,4,4,4,4,5,4,4,58,49,-8.53071323468562
"dissatisfied","Loyal Customer",36,"Business travel","Eco",1839,2,2,2,2,2,2,2,2,3,3,3,3,3,2,0,0,-0.757464267003349
"dissatisfied","Loyal Customer",36,"Personal Travel","Eco",2200,4,4,4,1,5,4,5,5,5,3,5,3,5,5,6,10,3.36944101220194
"dissatisfied","Loyal Customer",80,"Business travel","Eco",613,2,5,3,5,4,4,4,2,2,2,2,4,2,3,83,46,-36.0019412379969
"dissatisfied","Loyal Customer",36,"Business travel","Eco",2621,2,4,4,4,2,2,2,2,2,1,4,4,4,2,4,2,-2.67286074753316
"dissatisfied","Loyal Customer",23,"Personal Travel","Eco",1968,2,2,2,3,4,2,4,4,3,5,3,3,2,4,22,16,-6.29214490991731
"dissatisfied","Loyal Customer",63,"Personal Travel","Eco",1839,3,4,3,1,5,3,5,5,4,2,4,4,4,5,12,30,17.4963462914072
"dissatisfied","Loyal Customer",69,"Personal Travel","Eco",1308,2,4,2,4,5,2,5,5,4,3,3,3,3,5,2,0,-2.71516250726825
"dissatisfied","Loyal Customer",16,"Personal Travel","Eco",2155,3,4,3,4,2,3,2,2,5,5,4,4,4,2,2,4,1.28483749273175
"dissatisfied","disloyal Customer",24,"Business travel","Eco",2057,3,3,3,4,1,3,1,1,4,3,2,4,3,1,0,0,-0.757464267003349
"dissatisfied","disloyal Customer",43,"Business travel","Eco",2257,4,0,4,1,4,4,4,4,2,2,2,4,5,4,0,4,3.24253573299665
"dissatisfied","disloyal Customer",36,"Business travel","Eco",1529,3,2,2,3,5,2,1,5,1,5,3,2,4,5,0,0,-0.757464267003349
"dissatisfied","Loyal Customer",30,"Personal Travel","Eco",1553,3,5,3,5,2,3,2,2,1,5,4,4,3,2,0,0,-0.757464267003349
"dissatisfied","Loyal Customer",8,"Personal Travel","Eco",2957,3,1,3,2,5,3,5,5,2,5,2,2,1,5,0,0,-0.757464267003349
"dissatisfied","Loyal Customer",37,"Personal Travel","Eco",1796,4,5,4,1,1,4,1,1,1,5,1,1,1,1,48,58,10.2577779666389
"dissatisfied","disloyal Customer",16,"Business travel","Eco",1633,1,1,1,4,1,1,1,1,3,3,3,2,4,1,43,27,-15.8479764326988
"dissatisfied","disloyal Customer",27,"Business travel","Eco",2166,2,2,2,1,4,2,1,4,5,4,5,2,2,4,10,2,-8.54595546832788
"dissatisfied","Loyal Customer",34,"Personal Travel","Eco",1230,2,5,2,2,3,2,3,3,3,5,5,5,4,3,0,0,-0.757464267003349
"dissatisfied","Loyal Customer",48,"Business travel","Eco",1952,2,2,3,2,2,2,2,2,2,5,3,4,3,2,12,8,-4.50365370859278
"dissatisfied","disloyal Customer",18,"Business travel","Eco",2420,4,4,4,3,1,4,1,1,1,2,4,1,4,1,0,0,-0.757464267003349
"dissatisfied","Loyal Customer",54,"Personal Travel","Eco",1855,2,2,2,3,1,2,1,1,3,3,3,3,3,1,100,102,3.35762371975137
"dissatisfied","Loyal Customer",54,"Personal Travel","Eco Plus",1970,1,3,1,2,3,1,5,3,2,3,5,1,2,3,34,41,6.96166564849326
"dissatisfied","Loyal Customer",10,"Personal Travel","Eco Plus",1653,2,5,2,2,4,2,3,4,5,5,5,5,4,4,0,4,3.24253573299665
"dissatisfied","Loyal Customer",34,"Business travel","Eco Plus",1843,4,4,4,4,4,4,4,4,1,1,4,1,4,4,0,0,-0.757464267003349
"dissatisfied","Loyal Customer",49,"Business travel","Eco Plus",111,2,2,2,2,5,4,4,2,2,2,2,1,2,4,7,12,4.39059189206948
"dissatisfied","Loyal Customer",50,"Business travel","Eco Plus",1646,2,3,3,3,2,3,3,2,2,2,2,3,2,1,6,18,11.3694410122019
"dissatisfied","disloyal Customer",37,"Business travel","Eco Plus",2409,3,3,3,1,4,3,2,4,4,1,1,2,2,4,8,11,2.41174277193703
"dissatisfied","disloyal Customer",44,"Business travel","Eco Plus",2149,1,1,1,4,3,1,3,3,3,2,3,1,4,3,21,11,-10.3132957897849
"dissatisfied","Loyal Customer",8,"Business travel","Eco Plus",2656,4,5,5,5,4,1,4,2,2,3,3,4,2,4,244,259,19.4033504206782
"dissatisfied","Loyal Customer",32,"Business travel","Eco Plus",1984,3,3,5,3,3,2,3,3,1,2,3,1,4,3,0,0,-0.757464267003349
"dissatisfied","Loyal Customer",27,"Business travel","Eco Plus",2387,1,3,4,3,1,1,1,1,1,3,4,3,4,1,0,0,-0.757464267003349
"dissatisfied","Loyal Customer",51,"Personal Travel","Eco Plus",1938,3,4,3,1,1,3,1,1,3,3,4,3,5,1,1,11,9.2636866128642
"dissatisfied","Loyal Customer",62,"Personal Travel","Eco Plus",1527,1,2,1,4,3,1,3,3,1,3,4,2,4,3,0,0,-0.757464267003349
"dissatisfied","disloyal Customer",25,"Business travel","Eco Plus",1900,2,4,2,1,4,2,5,4,3,1,2,4,3,4,0,0,-0.757464267003349
"dissatisfied","Loyal Customer",57,"Business travel","Eco Plus",247,3,4,4,4,5,4,3,3,3,3,3,3,3,3,81,85,4.95575700226797
"dissatisfied","Loyal Customer",50,"Business travel","Eco Plus",3089,3,3,3,3,3,3,3,3,1,2,4,1,3,3,10,0,-10.5459554683279
"dissatisfied","disloyal Customer",27,"Business travel","Eco Plus",3801,2,2,2,3,5,2,5,5,4,5,2,1,2,5,1,0,-1.7363133871358
"dissatisfied","Loyal Customer",65,"Personal Travel","Eco Plus",1341,4,4,4,5,5,3,5,4,4,4,4,3,4,3,0,0,-0.757464267003349
"dissatisfied","Loyal Customer",41,"Personal Travel","Eco Plus",1509,3,4,3,4,5,3,4,5,5,5,5,3,5,5,0,1,0.242535732996651
"dissatisfied","Loyal Customer",19,"Personal Travel","Eco Plus",1879,4,5,4,3,1,4,1,1,4,2,4,4,4,1,0,2,1.24253573299665
"dissatisfied","Loyal Customer",29,"Personal Travel","Eco Plus",1981,3,4,3,3,2,3,2,2,5,3,5,5,5,2,0,0,-0.757464267003349
"dissatisfied","disloyal Customer",29,"Business travel","Eco Plus",3637,3,3,3,2,1,3,1,1,3,5,5,5,3,1,35,22,-13.0171834716392
"dissatisfied","Loyal Customer",40,"Personal Travel","Eco Plus",1739,4,5,4,2,4,4,4,4,4,4,4,3,4,4,42,54,12.1308726874336
"dissatisfied","Loyal Customer",37,"Personal Travel","Eco Plus",1207,3,4,3,3,1,3,1,1,1,4,4,4,2,1,0,0,-0.757464267003349
"dissatisfied","Loyal Customer",25,"Business travel","Eco Plus",1952,2,4,4,4,2,2,2,2,1,3,4,1,4,2,0,2,1.24253573299665
"dissatisfied","Loyal Customer",54,"Business travel","Eco Plus",1765,2,3,3,3,2,2,2,2,3,5,3,2,3,2,0,10,9.24253573299665
"dissatisfied","Loyal Customer",39,"Personal Travel","Eco Plus",1647,3,5,3,3,4,3,4,4,3,2,4,5,5,4,36,40,4.00396740822835
"dissatisfied","Loyal Customer",58,"Personal Travel","Eco Plus",1868,1,5,2,2,2,2,2,2,3,5,4,5,4,2,0,0,-0.757464267003349
"dissatisfied","Loyal Customer",44,"Business travel","Eco Plus",2273,1,5,5,5,1,1,1,1,2,4,2,4,1,1,0,8,7.24253573299665
"dissatisfied","Loyal Customer",17,"Business travel","Eco Plus",1704,2,3,3,3,2,2,4,2,4,1,3,4,4,2,0,2,1.24253573299665
"dissatisfied","Loyal Customer",55,"Personal Travel","Eco Plus",1932,2,5,2,4,4,2,4,4,5,4,4,5,5,4,35,24,-11.0171834716392
"dissatisfied","Loyal Customer",50,"Personal Travel","Eco Plus",2125,2,5,2,1,5,2,5,5,5,3,5,5,5,5,3,0,-3.69401162740071
"dissatisfied","Loyal Customer",29,"Business travel","Eco Plus",1431,1,5,5,5,1,2,1,1,2,5,4,1,4,1,0,0,-0.757464267003349
"dissatisfied","Loyal Customer",22,"Personal Travel","Eco Plus",1734,2,4,2,4,5,2,5,5,5,5,4,5,4,5,0,0,-0.757464267003349
"dissatisfied","Loyal Customer",70,"Personal Travel","Eco Plus",2083,3,4,3,2,2,3,2,2,5,5,5,4,4,2,29,16,-13.1440887508445
"dissatisfied","Loyal Customer",47,"Business travel","Eco Plus",1111,3,4,4,4,4,3,4,4,2,5,3,1,4,4,0,0,-0.757464267003349
"dissatisfied","Loyal Customer",69,"Personal Travel","Eco Plus",2520,1,3,1,2,4,1,5,4,1,1,2,4,2,4,0,0,-0.757464267003349
"dissatisfied","Loyal Customer",60,"Business travel","Eco Plus",358,1,5,5,5,2,3,3,2,2,1,2,3,2,3,2,12,9.28483749273174
"dissatisfied","disloyal Customer",37,"Business travel","Eco Plus",2616,1,1,1,2,5,1,5,5,5,5,3,4,3,5,9,3,-6.56710634819542
"dissatisfied","Loyal Customer",31,"Personal Travel","Eco Plus",1096,1,0,1,3,4,1,4,4,5,3,5,4,4,4,101,97,-2.62122540038109
"dissatisfied","disloyal Customer",37,"Business travel","Eco Plus",1345,4,4,4,2,5,4,5,5,4,5,1,3,2,5,0,0,-0.757464267003349
"dissatisfied","Loyal Customer",32,"Personal Travel","Eco Plus",2251,2,5,2,4,1,2,1,1,3,4,5,5,4,1,0,0,-0.757464267003349
"dissatisfied","Loyal Customer",29,"Personal Travel","Eco Plus",1700,3,5,3,4,4,3,4,4,4,5,4,3,5,4,0,3,2.24253573299665
"dissatisfied","Loyal Customer",52,"Personal Travel","Eco Plus",609,4,5,4,2,2,5,5,4,4,4,4,3,4,3,50,82,32.300079726374
"dissatisfied","disloyal Customer",36,"Business travel","Eco Plus",2149,3,3,3,3,1,3,1,1,4,1,2,4,3,1,15,10,-5.44020106899014
"dissatisfied","Loyal Customer",15,"Personal Travel","Eco Plus",1774,3,5,3,2,4,3,4,4,3,1,4,4,5,4,0,0,-0.757464267003349
"dissatisfied","Loyal Customer",26,"Business travel","Eco Plus",2274,3,3,2,3,3,3,3,3,3,3,3,4,3,3,0,0,-0.757464267003349
"dissatisfied","Loyal Customer",39,"Business travel","Eco Plus",1636,2,5,5,5,2,2,2,2,1,3,4,1,3,2,36,38,2.00396740822835
"dissatisfied","Loyal Customer",49,"Personal Travel","Eco Plus",1187,4,3,4,4,2,3,3,1,1,4,1,2,1,2,49,38,-10.7210711534935
"dissatisfied","Loyal Customer",56,"Business travel","Eco Plus",387,2,4,5,5,4,4,3,3,3,2,3,4,3,4,0,0,-0.757464267003349
"dissatisfied","Loyal Customer",31,"Business travel","Business",2955,2,1,3,1,2,2,2,2,2,3,2,4,3,2,40,77,37.0885709276985
"dissatisfied","Loyal Customer",33,"Business travel","Business",2999,2,3,3,3,2,2,2,2,1,2,4,3,4,2,3,19,15.3059883725993
"dissatisfied","Loyal Customer",49,"Business travel","Business",2258,2,2,2,2,2,2,2,2,4,2,3,2,3,2,138,128,-7.83864284528184
"dissatisfied","Loyal Customer",48,"Business travel","Business",754,3,5,4,5,4,3,3,3,3,3,3,4,3,3,55,41,-13.5941658742882
"dissatisfied","disloyal Customer",32,"Business travel","Business",2071,2,2,2,4,3,2,3,3,5,2,5,3,5,3,9,16,6.43289365180458
"dissatisfied","Loyal Customer",47,"Business travel","Business",2682,3,1,1,1,1,3,3,3,3,3,3,4,3,3,0,0,-0.757464267003349
"dissatisfied","disloyal Customer",30,"Business travel","Business",2415,2,2,2,4,1,2,1,1,3,2,3,4,3,1,0,0,-0.757464267003349
"dissatisfied","disloyal Customer",36,"Business travel","Business",2105,2,2,2,4,2,2,2,2,4,4,4,3,4,2,32,7,-25.0806361112418
"dissatisfied","Loyal Customer",34,"Business travel","Business",1752,1,1,1,1,2,4,4,1,1,1,1,2,1,1,33,4,-29.0594852313743
"dissatisfied","disloyal Customer",33,"Business travel","Business",1688,2,2,2,3,4,2,4,4,5,5,4,5,4,4,79,99,20.9134552425329
"dissatisfied","disloyal Customer",45,"Business travel","Business",2156,3,3,3,4,4,3,4,4,5,3,4,3,4,4,1,0,-1.7363133871358
"dissatisfied","Loyal Customer",25,"Business travel","Business",3747,3,4,4,4,3,3,3,3,1,5,4,4,4,3,0,0,-0.757464267003349
"dissatisfied","Loyal Customer",29,"Business travel","Business",5277,1,5,5,5,1,1,1,1,3,1,4,4,3,1,15,6,-9.44020106899014
"dissatisfied","Loyal Customer",18,"Business travel","Business",2871,4,2,5,5,4,4,4,4,1,2,4,3,4,4,0,0,-0.757464267003349
"dissatisfied","Loyal Customer",32,"Business travel","Business",1893,4,3,3,3,4,4,4,4,2,3,4,1,3,4,0,0,-0.757464267003349
"dissatisfied","disloyal Customer",26,"Business travel","Business",2274,1,1,1,3,5,1,5,5,4,2,3,3,4,5,0,0,-0.757464267003349
"dissatisfied","Loyal Customer",34,"Business travel","Business",1586,2,2,1,2,3,3,4,2,2,2,2,3,2,4,0,0,-0.757464267003349
"dissatisfied","Loyal Customer",45,"Business travel","Business",4021,3,4,4,4,3,3,3,3,3,3,3,2,3,3,0,0,-0.757464267003349
"dissatisfied","disloyal Customer",29,"Business travel","Business",2319,2,2,2,4,2,2,1,2,5,5,5,5,4,2,0,0,-0.757464267003349
"dissatisfied","Loyal Customer",24,"Business travel","Business",2802,3,1,1,1,3,2,3,3,1,2,3,1,4,3,2,0,-2.71516250726825
"dissatisfied","Loyal Customer",57,"Business travel","Business",366,2,5,5,5,4,2,2,2,2,2,2,2,2,4,0,3,2.24253573299665
"dissatisfied","Loyal Customer",42,"Business travel","Business",2159,3,2,4,2,1,3,4,3,3,3,3,1,3,1,0,0,-0.757464267003349
"dissatisfied","disloyal Customer",43,"Business travel","Business",2003,3,3,3,3,3,3,1,3,2,3,3,5,3,3,0,0,-0.757464267003349
"dissatisfied","disloyal Customer",34,"Business travel","Business",2114,1,1,1,5,4,1,1,4,4,4,5,5,4,4,24,22,-2.24984315018221
"dissatisfied","Loyal Customer",80,"Business travel","Business",3758,2,5,5,5,1,4,3,2,2,2,2,4,2,4,31,22,-9.10178699110938
"dissatisfied","Loyal Customer",47,"Business travel","Business",1756,3,4,3,4,2,3,4,3,3,3,3,3,3,2,0,0,-0.757464267003349
"dissatisfied","Loyal Customer",36,"Business travel","Business",1951,1,0,0,4,1,4,4,2,2,0,2,1,2,3,0,0,-0.757464267003349
"dissatisfied","disloyal Customer",28,"Business travel","Business",1582,2,2,2,4,2,2,2,2,4,5,5,4,5,2,0,0,-0.757464267003349
"dissatisfied","disloyal Customer",27,"Business travel","Business",2551,4,4,4,3,4,4,5,4,4,3,3,2,3,4,0,8,7.24253573299665
"dissatisfied","Loyal Customer",43,"Business travel","Business",3004,2,3,3,3,2,2,2,2,2,2,2,1,2,1,96,121,26.2730202002812
"dissatisfied","disloyal Customer",36,"Business travel","Business",2085,2,2,2,1,3,2,3,3,5,3,4,3,5,3,0,0,-0.757464267003349
"dissatisfied","Loyal Customer",29,"Business travel","Business",3897,4,3,3,3,4,4,4,1,5,2,4,4,2,4,2,10,7.28483749273174
"dissatisfied","Loyal Customer",21,"Business travel","Business",2077,2,5,5,5,2,2,2,2,1,2,3,4,3,2,74,70,-3.19229915680485
"dissatisfied","Loyal Customer",38,"Business travel","Business",678,1,1,1,1,3,2,2,1,1,1,1,1,1,4,0,0,-0.757464267003349
"dissatisfied","disloyal Customer",21,"Business travel","Business",1279,3,3,3,3,4,3,4,4,1,2,2,2,2,4,10,8,-2.54595546832788
"dissatisfied","disloyal Customer",38,"Business travel","Business",1665,3,3,3,5,4,3,4,4,1,5,4,5,4,4,0,6,5.24253573299665
"dissatisfied","Loyal Customer",28,"Business travel","Business",4155,3,4,4,4,3,3,3,3,4,5,2,4,1,3,24,35,10.7501568498178
"dissatisfied","disloyal Customer",26,"Business travel","Business",1908,4,4,4,1,5,4,5,5,3,2,4,4,5,5,16,14,-2.41905018912259
"dissatisfied","disloyal Customer",35,"Business travel","Business",3389,2,2,2,3,3,2,3,3,4,4,3,4,5,3,3,0,-3.69401162740071
"dissatisfied","disloyal Customer",37,"Business travel","Business",2619,4,4,4,4,5,4,5,5,3,2,5,5,4,5,0,5,4.24253573299665
"dissatisfied","Loyal Customer",21,"Business travel","Business",1592,3,4,4,4,3,2,3,3,3,5,4,2,4,3,0,0,-0.757464267003349
"dissatisfied","Loyal Customer",43,"Business travel","Business",385,2,2,2,2,4,4,3,2,2,2,2,4,2,3,0,2,1.24253573299665
"dissatisfied","disloyal Customer",21,"Business travel","Business",2240,3,2,3,3,1,3,4,1,1,4,3,2,4,1,0,4,3.24253573299665
"dissatisfied","Loyal Customer",32,"Business travel","Business",2049,3,5,5,5,3,3,3,3,1,2,4,2,4,3,0,12,11.2425357329967
"dissatisfied","Loyal Customer",44,"Business travel","Business",3650,2,5,5,5,2,4,4,2,2,2,2,4,2,3,44,27,-16.8268255528313
"dissatisfied","Loyal Customer",58,"Business travel","Business",241,2,5,5,5,5,3,2,3,3,3,2,3,3,2,0,0,-0.757464267003349
"dissatisfied","Loyal Customer",61,"Business travel","Business",2975,4,1,1,1,4,3,3,4,4,4,4,1,4,1,32,16,-16.0806361112418
"dissatisfied","Loyal Customer",58,"Business travel","Business",2009,4,1,2,2,1,2,4,4,4,4,4,4,4,4,29,20,-9.14408875084448
"dissatisfied","Loyal Customer",32,"Business travel","Business",5084,2,1,1,1,2,2,2,2,3,4,3,4,3,2,130,127,-1.0078498842222
"dissatisfied","Loyal Customer",45,"Business travel","Business",2980,2,5,2,5,5,3,2,2,2,2,2,3,2,2,37,49,12.0251182880959
"dissatisfied","Loyal Customer",50,"Business travel","Business",1786,1,5,5,5,4,1,3,1,1,1,1,1,1,4,1,0,-1.7363133871358
"dissatisfied","Loyal Customer",43,"Business travel","Business",3419,3,1,1,1,3,3,4,3,3,3,3,4,3,4,34,37,2.96166564849326
"dissatisfied","disloyal Customer",38,"Business travel","Business",2012,3,3,3,3,3,3,3,3,4,4,4,3,5,3,0,0,-0.757464267003349
"dissatisfied","Loyal Customer",43,"Business travel","Business",1527,2,5,5,5,2,4,4,2,2,2,2,1,2,3,0,0,-0.757464267003349
"dissatisfied","Loyal Customer",66,"Business travel","Business",3378,2,2,1,2,4,4,3,2,2,2,2,4,2,4,0,0,-0.757464267003349
"dissatisfied","Loyal Customer",28,"Personal Travel","Business",2008,2,2,2,3,4,2,4,4,2,2,3,2,3,4,0,0,-0.757464267003349
"dissatisfied","Loyal Customer",51,"Business travel","Business",240,2,1,1,1,5,3,3,2,2,2,2,3,2,4,12,4,-8.50365370859278
"dissatisfied","Loyal Customer",39,"Business travel","Business",3508,4,5,2,2,3,3,4,4,4,4,4,3,4,1,78,69,-8.10769563733467
"dissatisfied","Loyal Customer",53,"Business travel","Business",1908,3,2,2,2,5,4,4,3,3,3,3,1,3,4,46,45,-0.784523793096177
"dissatisfied","Loyal Customer",24,"Business travel","Business",1361,2,2,2,2,2,2,2,2,1,2,4,3,4,2,14,6,-8.46135194885769
"dissatisfied","Loyal Customer",42,"Business travel","Business",569,2,2,2,2,2,3,4,2,2,2,2,4,2,2,0,0,-0.757464267003349
"dissatisfied","disloyal Customer",41,"Business travel","Business",1413,1,1,1,1,5,1,5,5,3,5,5,5,4,5,14,0,-14.4613519488577
"dissatisfied","disloyal Customer",44,"Business travel","Business",2334,3,3,3,3,2,3,2,2,3,2,4,4,5,2,10,13,2.45404453167212
"dissatisfied","Loyal Customer",58,"Business travel","Business",856,2,4,4,4,3,3,4,2,2,2,2,1,2,3,17,3,-14.397899309255
"dissatisfied","Loyal Customer",23,"Business travel","Business",5935,1,1,5,1,1,1,1,4,5,3,3,1,4,1,151,126,-22.5636814070037
"dissatisfied","Loyal Customer",18,"Business travel","Business",1127,2,1,1,1,2,2,2,2,2,4,3,2,4,2,37,31,-5.9748817119041
"dissatisfied","Loyal Customer",36,"Business travel","Business",1190,1,3,3,3,2,3,4,1,1,1,1,2,1,1,12,4,-8.50365370859278
"dissatisfied","disloyal Customer",45,"Business travel","Business",1816,1,2,2,4,2,1,2,2,5,2,4,4,5,2,17,7,-10.397899309255
"dissatisfied","Loyal Customer",20,"Business travel","Business",1448,3,4,4,4,3,3,3,3,3,4,3,2,3,3,49,42,-6.72107115349354
"dissatisfied","Loyal Customer",52,"Business travel","Business",2482,3,5,5,5,3,3,4,4,4,4,3,2,4,1,43,36,-6.84797643269882
"dissatisfied","Loyal Customer",39,"Business travel","Business",2324,2,2,1,1,5,2,2,2,2,2,2,1,2,1,70,64,-5.27690267627505
"dissatisfied","Loyal Customer",72,"Business travel","Business",1878,4,1,2,2,5,2,3,4,4,3,4,4,4,1,0,0,-0.757464267003349
"dissatisfied","Loyal Customer",30,"Business travel","Business",2468,4,4,4,4,4,3,4,4,3,2,4,4,3,4,0,6,5.24253573299665
"dissatisfied","disloyal Customer",39,"Business travel","Business",1321,2,1,1,1,2,1,2,2,3,4,5,5,5,2,78,90,12.8923043626653
"dissatisfied","Loyal Customer",77,"Business travel","Business",1631,3,4,3,3,3,2,2,3,3,3,3,3,3,4,0,6,5.24253573299665
"dissatisfied","disloyal Customer",44,"Business travel","Business",2587,2,3,3,3,4,2,4,4,3,4,5,5,5,4,0,0,-0.757464267003349
"dissatisfied","disloyal Customer",36,"Business travel","Business",2181,1,1,1,1,1,1,1,1,5,5,5,3,4,1,1,0,-1.7363133871358
"dissatisfied","Loyal Customer",16,"Business travel","Business",3073,2,3,3,3,2,2,2,2,4,1,3,2,3,2,50,57,7.30007972637401
"dissatisfied","Loyal Customer",29,"Business travel","Business",2950,4,3,3,3,4,4,4,4,1,5,4,1,4,4,5,0,-5.65170986766561
"dissatisfied","disloyal Customer",34,"Business travel","Business",4033,3,3,3,3,3,1,1,1,1,2,4,1,4,1,272,270,2.99557505696951
"dissatisfied","Loyal Customer",37,"Business travel","Business",3187,2,1,1,1,2,3,4,2,2,2,2,4,2,1,66,80,14.6384938042548
"dissatisfied","Loyal Customer",58,"Business travel","Business",3409,1,2,2,2,5,4,3,2,2,2,1,2,2,1,0,0,-0.757464267003349
"dissatisfied","Loyal Customer",55,"Business travel","Business",2041,2,3,3,3,3,4,4,2,2,2,2,4,2,4,0,6,5.24253573299665
"dissatisfied","Loyal Customer",33,"Business travel","Business",2429,3,3,3,3,3,3,3,3,1,1,4,3,3,3,9,1,-8.56710634819542
"dissatisfied","Loyal Customer",32,"Business travel","Business",2961,2,1,5,1,2,2,2,2,2,4,3,2,3,2,0,0,-0.757464267003349
"dissatisfied","disloyal Customer",47,"Business travel","Business",2597,1,1,1,2,3,1,3,3,2,3,2,2,2,3,0,0,-0.757464267003349
"dissatisfied","disloyal Customer",44,"Business travel","Business",1696,2,2,2,3,1,2,1,1,4,4,5,4,4,1,5,0,-5.65170986766561
"dissatisfied","disloyal Customer",25,"Business travel","Business",3211,3,5,3,4,3,3,3,3,4,4,5,5,5,3,9,23,13.4328936518046
"dissatisfied","Loyal Customer",49,"Business travel","Business",2761,2,4,4,4,2,1,1,4,4,4,2,2,4,2,0,0,-0.757464267003349
"dissatisfied","disloyal Customer",36,"Business travel","Business",2817,2,2,2,3,4,2,4,4,4,5,4,3,4,4,0,0,-0.757464267003349
"dissatisfied","Loyal Customer",55,"Business travel","Business",3377,3,5,5,5,3,3,4,3,3,3,3,1,3,2,0,9,8.24253573299665
"dissatisfied","Loyal Customer",24,"Business travel","Business",3992,4,4,4,4,4,4,4,4,3,4,3,3,3,4,0,0,-0.757464267003349
"dissatisfied","Loyal Customer",31,"Business travel","Business",1791,4,5,4,5,4,4,4,4,3,3,4,2,4,4,0,0,-0.757464267003349
"dissatisfied","Loyal Customer",54,"Business travel","Business",1750,3,5,5,5,2,2,2,3,3,3,3,4,3,2,50,27,-22.699920273626
"dissatisfied","Loyal Customer",46,"Business travel","Business",1934,4,2,2,2,2,4,4,4,4,3,4,2,4,4,24,11,-13.2498431501822
"dissatisfied","Loyal Customer",35,"Business travel","Business",1802,1,4,4,4,4,2,3,1,1,1,1,2,1,4,16,40,23.5809498108774
"dissatisfied","disloyal Customer",32,"Business travel","Business",1670,2,3,3,5,5,3,1,5,4,2,4,5,4,5,0,0,-0.757464267003349
"dissatisfied","Loyal Customer",49,"Business travel","Business",114,1,3,3,3,2,3,4,4,4,4,1,4,4,3,0,0,-0.757464267003349
"dissatisfied","Loyal Customer",52,"Business travel","Business",2112,3,2,2,2,1,3,3,3,3,3,3,1,3,3,0,0,-0.757464267003349
"dissatisfied","Loyal Customer",40,"Business travel","Business",459,3,1,2,1,5,4,3,3,3,3,3,4,3,2,25,25,-0.228692270314668
"dissatisfied","Loyal Customer",49,"Personal Travel","Business",525,1,5,3,3,3,4,5,3,3,3,3,5,3,4,12,0,-12.5036537085928
"dissatisfied","Loyal Customer",45,"Business travel","Business",3984,1,4,4,4,3,3,4,1,1,1,1,4,1,2,25,0,-25.2286922703147
"dissatisfied","Loyal Customer",48,"Business travel","Business",1077,2,2,2,2,5,4,4,2,2,2,2,2,2,3,0,0,-0.757464267003349
"dissatisfied","Loyal Customer",40,"Business travel","Business",3420,3,2,1,2,4,3,3,3,3,3,3,1,3,4,0,0,-0.757464267003349
"dissatisfied","disloyal Customer",35,"Business travel","Business",1894,3,3,3,4,2,3,2,2,5,3,5,3,4,2,71,72,1.74424820359251
"dissatisfied","Loyal Customer",7,"Personal Travel","Business",3120,4,0,5,5,4,5,4,4,5,2,5,4,5,4,29,25,-4.14408875084448
"dissatisfied","Loyal Customer",41,"Business travel","Business",3994,4,2,2,2,5,4,3,4,4,4,4,4,4,3,0,0,-0.757464267003349
"dissatisfied","disloyal Customer",35,"Business travel","Business",1893,2,2,2,4,2,2,2,2,5,2,4,4,5,2,27,46,18.8136094894204
"dissatisfied","Loyal Customer",8,"Business travel","Business",2891,2,2,2,2,2,2,2,2,1,1,2,1,2,2,0,0,-0.757464267003349
"dissatisfied","Loyal Customer",36,"Business travel","Business",987,2,5,5,5,4,3,4,2,2,2,2,1,2,1,103,89,-12.578923640646
"dissatisfied","Loyal Customer",59,"Business travel","Business",829,5,3,3,3,5,3,2,5,5,4,5,3,5,3,0,5,4.24253573299665
"dissatisfied","disloyal Customer",39,"Business travel","Business",1590,2,2,2,3,1,2,1,1,5,3,4,5,4,1,0,0,-0.757464267003349
"dissatisfied","Loyal Customer",29,"Business travel","Business",3910,4,5,5,5,4,4,4,4,3,5,2,4,2,4,7,8,0.390591892069482
"dissatisfied","disloyal Customer",26,"Business travel","Business",890,1,2,1,3,4,1,4,4,1,1,3,1,4,4,0,0,-0.757464267003349
"dissatisfied","Loyal Customer",57,"Business travel","Business",3169,3,5,5,5,4,3,3,3,3,3,3,3,3,4,12,0,-12.5036537085928
"dissatisfied","disloyal Customer",38,"Business travel","Business",2199,3,3,3,3,5,3,5,5,3,2,4,4,4,5,13,0,-13.4825028287252
"dissatisfied","Loyal Customer",24,"Business travel","Business",3292,1,5,5,5,1,1,1,1,3,1,2,2,4,1,13,0,-13.4825028287252
"dissatisfied","Loyal Customer",60,"Business travel","Business",2383,4,2,3,2,3,3,3,4,4,4,4,3,4,1,59,5,-53.5095623548181
"dissatisfied","Loyal Customer",63,"Business travel","Business",436,3,1,1,1,3,4,3,3,3,3,3,2,3,4,0,0,-0.757464267003349
"dissatisfied","Loyal Customer",38,"Business travel","Business",283,3,3,3,3,1,4,3,3,3,3,3,1,3,1,0,0,-0.757464267003349
"dissatisfied","Loyal Customer",58,"Business travel","Business",296,3,3,5,3,2,3,4,3,3,3,3,1,3,1,0,29,28.2425357329967
"dissatisfied","Loyal Customer",30,"Business travel","Business",4367,2,3,3,3,2,2,2,2,3,3,4,4,4,2,38,38,0.0462691679634475
"dissatisfied","Loyal Customer",49,"Business travel","Business",2129,3,1,1,1,2,4,4,3,3,3,3,1,3,1,14,12,-2.46135194885769
"dissatisfied","disloyal Customer",36,"Business travel","Business",1239,3,3,3,3,5,3,5,5,3,4,4,4,4,5,0,0,-0.757464267003349
"dissatisfied","disloyal Customer",25,"Business travel","Business",2391,2,0,2,4,5,2,5,5,3,2,4,3,4,5,32,47,14.9193638887582
"dissatisfied","Loyal Customer",22,"Business travel","Business",4360,3,5,5,5,3,3,3,3,3,2,3,4,2,3,11,23,11.4751954115397
"dissatisfied","Loyal Customer",42,"Personal Travel","Business",379,2,4,2,2,2,3,2,2,2,2,2,5,2,2,0,0,-0.757464267003349
"dissatisfied","disloyal Customer",46,"Business travel","Business",1286,3,3,3,2,1,3,1,1,3,4,4,5,4,1,3,3,-0.694011627400707
"dissatisfied","disloyal Customer",26,"Business travel","Business",1761,4,3,3,1,2,3,3,2,4,4,4,5,4,2,44,35,-8.82682555283127
"dissatisfied","Loyal Customer",31,"Business travel","Business",2392,3,4,4,4,3,3,3,3,1,5,3,3,4,3,0,0,-0.757464267003349
"dissatisfied","Loyal Customer",29,"Business travel","Business",2613,3,1,2,1,3,3,3,3,2,1,3,1,3,3,0,11,10.2425357329967
"dissatisfied","disloyal Customer",32,"Business travel","Business",2209,2,2,2,3,4,2,4,4,5,1,2,4,1,4,0,0,-0.757464267003349
"dissatisfied","Loyal Customer",59,"Business travel","Business",225,1,5,5,5,4,3,3,2,2,2,1,1,2,4,114,97,-15.346263962103
"dissatisfied","Loyal Customer",60,"Business travel","Business",394,3,5,5,5,5,2,2,3,3,3,3,1,3,2,9,0,-9.56710634819542
"dissatisfied","Loyal Customer",23,"Business travel","Business",1162,1,5,5,5,1,1,1,1,1,3,3,2,3,1,27,23,-4.18639051057957
"dissatisfied","disloyal Customer",45,"Business travel","Business",1477,3,3,3,4,1,3,1,1,3,4,5,5,5,1,0,0,-0.757464267003349
"dissatisfied","Loyal Customer",54,"Business travel","Business",1091,3,3,5,3,1,3,2,3,3,3,3,2,3,3,0,3,2.24253573299665
"dissatisfied","Loyal Customer",36,"Business travel","Business",233,3,3,3,3,1,4,4,1,1,1,3,2,1,1,0,0,-0.757464267003349
"dissatisfied","disloyal Customer",54,"Business travel","Business",1951,3,3,3,3,1,3,1,1,5,3,4,4,4,1,0,0,-0.757464267003349
"dissatisfied","Loyal Customer",37,"Business travel","Business",2041,2,1,1,1,3,3,3,2,2,2,2,3,2,1,0,0,-0.757464267003349
"dissatisfied","Loyal Customer",50,"Business travel","Business",2982,4,2,2,2,2,4,3,2,2,3,4,4,2,1,0,0,-0.757464267003349
"dissatisfied","disloyal Customer",37,"Business travel","Business",1592,3,3,3,4,4,3,4,4,3,2,5,5,4,4,0,0,-0.757464267003349
"dissatisfied","Loyal Customer",16,"Business travel","Business",2519,2,5,5,5,2,2,2,2,4,4,4,1,4,2,8,20,11.411742771937
"dissatisfied","Loyal Customer",46,"Business travel","Business",371,2,4,2,4,3,4,4,2,2,2,2,2,2,3,0,0,-0.757464267003349
"dissatisfied","disloyal Customer",35,"Business travel","Business",2130,4,4,4,5,3,4,3,3,4,2,5,4,4,3,114,124,11.653736037897
"dissatisfied","Loyal Customer",47,"Business travel","Business",1731,3,3,5,3,4,2,2,3,3,3,3,4,3,2,0,17,16.2425357329967
"dissatisfied","Loyal Customer",45,"Business travel","Business",719,3,5,5,5,2,4,4,3,3,3,3,1,3,3,0,0,-0.757464267003349
"dissatisfied","Loyal Customer",53,"Business travel","Business",2766,2,1,1,1,2,2,3,2,2,1,2,1,2,4,22,7,-15.2921449099173
"dissatisfied","Loyal Customer",46,"Business travel","Business",2621,1,5,5,5,3,4,4,1,1,1,1,1,1,2,0,0,-0.757464267003349
"dissatisfied","disloyal Customer",39,"Business travel","Business",2402,2,3,3,4,4,3,4,4,3,1,4,4,3,4,14,14,-0.461351948857687
"dissatisfied","Loyal Customer",52,"Business travel","Business",2268,2,5,5,5,5,4,3,2,2,2,2,1,2,3,0,0,-0.757464267003349
"dissatisfied","Loyal Customer",30,"Personal Travel","Business",2140,3,5,3,4,3,3,2,3,4,5,5,3,5,3,2,0,-2.71516250726825
"dissatisfied","disloyal Customer",25,"Business travel","Business",2152,2,0,2,2,4,2,4,4,5,4,4,5,5,4,7,0,-7.60940810793052
"dissatisfied","disloyal Customer",26,"Business travel","Business",1739,2,5,1,1,1,1,1,1,5,4,5,5,4,1,2,2,-0.715162507268255
"dissatisfied","Loyal Customer",53,"Business travel","Business",629,1,3,3,3,2,3,3,1,1,1,1,2,1,1,24,0,-24.2498431501822
"dissatisfied","Loyal Customer",40,"Business travel","Business",2435,4,2,2,2,5,2,4,4,4,3,4,1,4,2,11,3,-8.52480458846033
"dissatisfied","Loyal Customer",31,"Business travel","Business",1425,2,5,5,5,2,1,2,2,3,5,2,3,3,2,1,0,-1.7363133871358
"dissatisfied","disloyal Customer",32,"Business travel","Business",1533,1,1,1,4,1,1,1,1,4,5,4,4,5,1,0,0,-0.757464267003349
"dissatisfied","disloyal Customer",39,"Business travel","Business",1834,2,2,2,4,4,2,4,4,2,4,2,1,3,4,10,13,2.45404453167212
"dissatisfied","Loyal Customer",59,"Business travel","Business",3401,1,4,4,4,5,3,3,1,1,1,1,4,1,1,0,0,-0.757464267003349
"dissatisfied","Loyal Customer",32,"Business travel","Business",3217,2,5,4,5,2,2,2,2,4,1,4,1,3,2,28,19,-9.16523963071203
"dissatisfied","disloyal Customer",50,"Business travel","Business",1802,4,4,4,2,3,4,3,3,3,4,5,5,4,3,0,0,-0.757464267003349
"dissatisfied","Loyal Customer",49,"Business travel","Business",3604,3,1,1,1,3,4,3,3,3,3,3,1,3,2,48,41,-6.74222203336108
"dissatisfied","disloyal Customer",36,"Business travel","Business",1271,1,1,1,4,2,1,2,2,4,3,5,4,5,2,8,6,-2.58825722806297
"dissatisfied","Loyal Customer",49,"Business travel","Business",1987,3,1,5,1,2,2,2,3,3,3,3,3,3,1,52,46,-5.65761851389089
"dissatisfied","disloyal Customer",31,"Business travel","Business",3193,3,3,3,3,3,3,3,3,4,4,5,4,4,3,15,0,-15.4402010689901
"satisfied","Loyal Customer",54,"Personal Travel","Eco",80,1,1,1,1,3,4,4,4,4,4,4,3,4,5,0,0,-0.757464267003349
"satisfied","disloyal Customer",20,"Business travel","Eco",1556,4,5,4,1,4,4,5,4,1,3,4,3,5,4,0,0,-0.757464267003349
"satisfied","Loyal Customer",37,"Business travel","Eco",2227,4,1,1,1,4,4,4,4,1,4,1,1,2,4,15,4,-11.4402010689901
"satisfied","disloyal Customer",18,"Business travel","Eco",2070,5,5,5,2,4,5,4,4,5,2,5,1,4,4,39,52,13.067420047831
"satisfied","Loyal Customer",42,"Personal Travel","Eco",1402,4,4,4,4,2,4,5,5,5,5,5,4,5,3,1,0,-1.7363133871358
"satisfied","Loyal Customer",24,"Personal Travel","Eco",2238,3,1,3,3,5,4,5,5,5,5,5,3,5,4,0,19,18.2425357329967
"satisfied","Loyal Customer",33,"Personal Travel","Eco",2098,0,4,0,2,2,0,2,2,3,2,5,4,5,2,0,0,-0.757464267003349
"satisfied","Loyal Customer",67,"Personal Travel","Eco",409,0,0,0,3,5,5,5,5,5,3,3,5,5,5,8,1,-7.58825722806297
"satisfied","Loyal Customer",55,"Personal Travel","Eco",400,3,3,3,3,4,4,5,4,4,4,4,4,4,5,1,0,-1.7363133871358
"satisfied","Loyal Customer",22,"Personal Travel","Eco",3065,2,2,2,2,4,4,5,4,4,4,5,1,4,3,10,0,-10.5459554683279
"satisfied","Loyal Customer",59,"Personal Travel","Eco",1427,4,4,2,4,5,4,4,5,5,5,5,4,5,4,0,0,-0.757464267003349
"satisfied","Loyal Customer",22,"Business travel","Eco",2103,0,4,0,3,4,0,4,4,3,3,5,3,2,4,0,22,21.2425357329967
"satisfied","disloyal Customer",22,"Business travel","Eco",1859,4,4,4,5,4,4,4,4,4,3,5,3,4,4,2,5,2.28483749273175
"satisfied","Loyal Customer",31,"Personal Travel","Eco",2298,3,3,3,3,5,5,4,4,4,4,4,4,4,4,0,0,-0.757464267003349
"satisfied","Loyal Customer",50,"Personal Travel","Eco",119,5,2,5,3,3,4,4,2,2,5,2,1,2,2,0,0,-0.757464267003349
"satisfied","Loyal Customer",39,"Business travel","Eco",2136,3,2,2,2,3,3,3,3,1,4,4,4,5,3,0,4,3.24253573299665
"satisfied","Loyal Customer",15,"Business travel","Eco",2334,4,2,2,2,4,4,3,4,5,1,3,5,5,4,0,0,-0.757464267003349
"satisfied","Loyal Customer",19,"Personal Travel","Eco",1656,4,5,4,4,5,4,4,5,4,3,4,3,5,5,0,0,-0.757464267003349
"satisfied","Loyal Customer",29,"Business travel","Eco",3880,4,2,4,2,4,4,4,2,2,3,3,4,1,4,2,28,25.2848374927317
"satisfied","Loyal Customer",51,"Personal Travel","Eco",2309,4,1,4,4,4,4,4,4,4,1,4,4,4,4,0,0,-0.757464267003349
"satisfied","Loyal Customer",41,"Business travel","Eco",1538,5,4,4,4,5,5,5,5,1,1,5,5,4,5,0,0,-0.757464267003349
"satisfied","Loyal Customer",38,"Personal Travel","Eco",1886,1,1,5,1,3,5,5,5,5,5,5,5,5,5,67,59,-7.34035531587769
"satisfied","Loyal Customer",11,"Personal Travel","Eco",2272,1,1,1,1,4,3,4,5,5,5,5,5,5,4,0,0,-0.757464267003349
"satisfied","Loyal Customer",57,"Personal Travel","Eco",537,1,1,1,1,4,4,4,4,4,4,4,4,4,3,0,0,-0.757464267003349
"satisfied","Loyal Customer",33,"Business travel","Eco",1783,4,4,4,4,4,4,4,4,5,1,2,5,5,4,0,0,-0.757464267003349
"satisfied","Loyal Customer",17,"Personal Travel","Eco",1789,2,2,2,2,4,4,5,5,5,5,4,4,5,4,0,0,-0.757464267003349
"satisfied","Loyal Customer",20,"Personal Travel","Eco",2121,4,1,4,3,5,4,5,5,3,5,2,1,4,5,0,0,-0.757464267003349
"satisfied","Loyal Customer",47,"Personal Travel","Eco",281,4,3,4,4,5,5,4,5,5,5,4,3,5,3,20,0,-20.3344466696524
"satisfied","Loyal Customer",42,"Personal Travel","Eco",493,1,1,2,1,5,5,4,5,5,4,5,5,5,5,0,7,6.24253573299665
"satisfied","Loyal Customer",62,"Personal Travel","Eco",613,1,1,1,1,2,4,4,5,5,4,5,3,5,5,17,6,-11.397899309255
"satisfied","disloyal Customer",25,"Business travel","Eco",2016,2,3,3,1,1,3,1,1,5,3,5,3,5,1,34,47,12.9616656484933
"satisfied","Loyal Customer",14,"Personal Travel","Eco",1740,5,5,5,5,3,1,4,5,5,5,5,5,5,2,5,0,-5.65170986766561
"satisfied","Loyal Customer",41,"Business travel","Eco",2196,2,2,2,2,2,2,2,2,3,5,2,3,3,2,0,0,-0.757464267003349
"satisfied","Loyal Customer",24,"Business travel","Eco",2580,5,2,2,2,5,5,5,5,5,3,2,3,4,5,6,0,-6.63055898779807
"satisfied","Loyal Customer",11,"Personal Travel","Eco",1761,0,1,0,3,3,0,3,3,1,2,3,2,3,3,0,0,-0.757464267003349
"satisfied","Loyal Customer",57,"Personal Travel","Eco",1189,1,1,1,1,4,5,5,4,4,4,4,4,4,3,4,0,-4.67286074753316
"satisfied","Loyal Customer",57,"Personal Travel","Eco",428,4,4,4,4,2,5,4,4,4,4,4,5,4,3,0,13,12.2425357329967
"satisfied","Loyal Customer",26,"Personal Travel","Eco",1681,4,4,4,4,4,4,4,2,2,2,2,3,2,4,18,14,-4.3767484293875
"satisfied","Loyal Customer",9,"Personal Travel","Eco",1630,4,2,4,4,3,4,3,3,3,2,3,4,4,3,5,0,-5.65170986766561
"satisfied","Loyal Customer",42,"Business travel","Eco",1871,4,2,2,2,4,4,4,4,5,2,3,1,2,4,14,6,-8.46135194885769
"satisfied","Loyal Customer",25,"Business travel","Eco",1087,4,2,2,2,4,4,4,4,1,4,3,4,5,4,0,0,-0.757464267003349
"satisfied","Loyal Customer",64,"Personal Travel","Eco",440,2,2,2,2,4,4,5,5,5,5,5,3,5,4,0,0,-0.757464267003349
"satisfied","Loyal Customer",28,"Business travel","Eco",1963,5,1,1,1,5,5,5,5,3,1,2,4,1,5,9,5,-4.56710634819542
"satisfied","disloyal Customer",11,"Business travel","Eco",2592,4,4,4,3,2,4,2,2,4,5,4,5,4,2,4,0,-4.67286074753316
"satisfied","Loyal Customer",30,"Personal Travel","Eco",1986,4,1,4,2,2,4,2,2,2,2,2,4,2,2,6,4,-2.63055898779806
"satisfied","Loyal Customer",9,"Personal Travel","Eco",2028,4,4,4,4,5,5,4,4,4,4,4,4,4,3,0,0,-0.757464267003349
"satisfied","Loyal Customer",26,"Personal Travel","Eco",1573,5,5,2,2,2,1,3,5,5,5,5,2,5,2,34,102,67.9616656484933
"satisfied","Loyal Customer",16,"Personal Travel","Eco",1899,5,2,2,2,2,3,5,5,5,5,5,5,5,4,0,0,-0.757464267003349
"satisfied","Loyal Customer",69,"Personal Travel","Eco",1395,3,3,3,3,4,4,5,5,5,5,5,5,5,4,20,30,9.6655533303476
"satisfied","Loyal Customer",44,"Personal Travel","Eco",1668,4,5,4,5,1,4,1,1,5,2,5,3,4,1,0,0,-0.757464267003349
"satisfied","Loyal Customer",36,"Business travel","Eco",2053,3,3,3,3,3,4,3,3,3,2,2,4,2,3,0,0,-0.757464267003349
"satisfied","Loyal Customer",65,"Personal Travel","Eco",437,2,2,2,2,3,5,5,5,5,5,5,5,5,5,0,13,12.2425357329967
"satisfied","Loyal Customer",22,"Personal Travel","Eco",2983,3,3,5,3,2,5,5,5,5,5,5,3,5,3,8,2,-6.58825722806297
"satisfied","Loyal Customer",35,"Personal Travel","Eco",1617,5,1,5,4,1,5,1,1,4,1,4,2,4,1,0,0,-0.757464267003349
"satisfied","Loyal Customer",23,"Personal Travel","Eco",1399,1,3,1,1,4,1,1,3,3,4,3,5,3,1,14,3,-11.4613519488577
"satisfied","Loyal Customer",23,"Business travel","Eco",2458,4,4,4,4,4,4,4,4,3,4,4,3,3,4,31,23,-8.10178699110938
"satisfied","disloyal Customer",24,"Business travel","Eco",1229,0,0,0,3,4,0,5,4,2,1,4,5,4,4,0,0,-0.757464267003349
"satisfied","Loyal Customer",18,"Personal Travel","Eco",1920,2,2,2,2,2,5,5,4,4,4,4,5,4,3,37,26,-10.9748817119041
"satisfied","disloyal Customer",20,"Business travel","Eco",2312,4,0,4,5,2,4,2,2,4,3,4,4,5,2,0,0,-0.757464267003349
"satisfied","Loyal Customer",28,"Personal Travel","Eco",2151,2,2,2,2,2,4,5,5,5,5,5,3,5,4,0,0,-0.757464267003349
"satisfied","Loyal Customer",23,"Business travel","Eco",2668,5,2,2,2,5,5,3,5,5,5,4,2,5,5,0,0,-0.757464267003349
"satisfied","Loyal Customer",37,"Business travel","Eco",1985,3,3,5,3,3,3,3,3,1,3,1,5,1,3,0,1,0.242535732996651
"satisfied","Loyal Customer",50,"Personal Travel","Eco",1916,4,4,2,2,5,2,5,5,4,3,4,4,4,5,34,17,-17.0383343515067
"satisfied","Loyal Customer",59,"Business travel","Eco",569,5,4,2,4,4,2,3,5,5,5,5,5,5,5,8,5,-3.58825722806297
"satisfied","Loyal Customer",54,"Personal Travel","Eco",1011,4,3,3,3,4,4,4,4,2,3,1,2,3,4,0,0,-0.757464267003349
"satisfied","Loyal Customer",62,"Personal Travel","Eco",1190,5,2,5,4,2,4,4,2,2,2,2,4,2,3,0,6,5.24253573299665
"satisfied","Loyal Customer",41,"Business travel","Eco",1660,4,4,4,4,4,4,4,4,5,1,4,4,2,4,0,0,-0.757464267003349
"satisfied","Loyal Customer",8,"Personal Travel","Eco",2359,0,5,0,3,2,0,2,2,3,2,4,3,4,2,4,2,-2.67286074753316
"satisfied","Loyal Customer",38,"Personal Travel","Eco",1309,2,2,5,2,3,4,5,4,4,5,4,5,4,3,0,0,-0.757464267003349
"satisfied","Loyal Customer",43,"Personal Travel","Eco",1111,3,5,5,5,3,1,3,3,3,3,3,5,3,5,0,0,-0.757464267003349
"satisfied","Loyal Customer",33,"Business travel","Eco",1639,0,0,0,2,1,0,1,1,3,4,3,3,4,1,32,22,-10.0806361112418
"satisfied","Loyal Customer",65,"Personal Travel","Eco",1027,4,4,4,4,4,4,4,4,5,3,5,3,4,4,8,0,-8.58825722806297
"satisfied","Loyal Customer",54,"Personal Travel","Eco",77,5,5,5,5,4,5,4,4,4,4,4,2,4,5,0,0,-0.757464267003349
"satisfied","Loyal Customer",32,"Personal Travel","Eco",1534,3,3,3,3,5,4,4,4,4,4,4,4,4,4,0,0,-0.757464267003349
"satisfied","Loyal Customer",62,"Business travel","Eco",1734,4,2,2,2,4,4,4,4,3,4,5,1,3,4,2,0,-2.71516250726825
"satisfied","Loyal Customer",21,"Personal Travel","Eco",2171,4,4,4,4,5,4,5,4,4,4,4,3,4,4,0,0,-0.757464267003349
"satisfied","Loyal Customer",36,"Business travel","Eco",1662,2,3,3,3,2,2,2,2,5,3,5,2,4,2,0,3,2.24253573299665
"satisfied","Loyal Customer",68,"Personal Travel","Eco",826,1,1,1,1,5,5,5,4,4,4,4,4,4,5,1,0,-1.7363133871358
"satisfied","Loyal Customer",28,"Business travel","Eco",1161,4,5,5,5,4,4,4,4,4,2,3,3,3,4,29,44,14.8559112491555
"satisfied","Loyal Customer",54,"Business travel","Eco",2303,4,1,1,1,4,4,4,4,5,4,3,4,1,4,0,0,-0.757464267003349
"satisfied","Loyal Customer",9,"Personal Travel","Eco",2053,5,2,5,2,2,5,1,2,3,1,2,1,2,2,21,5,-16.3132957897849
"satisfied","Loyal Customer",66,"Personal Travel","Eco",2194,4,4,4,3,5,5,5,3,3,4,3,4,3,5,36,19,-16.9960325917716
"satisfied","disloyal Customer",21,"Business travel","Eco",2388,4,3,3,3,1,3,1,1,5,2,4,3,5,1,14,0,-14.4613519488577
"satisfied","Loyal Customer",14,"Personal Travel","Eco",1400,5,5,5,5,5,4,4,5,5,5,5,3,5,5,0,0,-0.757464267003349
"satisfied","Loyal Customer",21,"Personal Travel","Eco",1440,4,4,4,4,5,4,5,4,4,4,4,5,4,4,8,0,-8.58825722806297
"satisfied","Loyal Customer",45,"Personal Travel","Eco",738,5,5,5,5,5,5,4,5,5,5,5,4,5,3,1,7,5.2636866128642
"satisfied","Loyal Customer",60,"Personal Travel","Eco",792,3,3,3,3,2,4,4,4,4,4,4,4,4,5,61,56,-4.46726059508297
"satisfied","Loyal Customer",31,"Business travel","Eco",2266,5,5,1,5,5,5,5,5,2,4,2,3,5,5,81,87,6.95575700226797
"satisfied","Loyal Customer",43,"Business travel","Eco",1945,5,2,2,2,5,5,5,5,2,3,3,3,5,5,0,0,-0.757464267003349
"satisfied","Loyal Customer",45,"Personal Travel","Eco",1195,2,2,2,2,5,5,5,5,5,5,5,5,5,5,13,9,-4.48250282872523
"satisfied","Loyal Customer",38,"Personal Travel","Eco",2424,5,1,1,1,5,5,5,5,1,4,3,2,3,5,11,22,10.4751954115397
"satisfied","Loyal Customer",47,"Personal Travel","Eco",444,4,2,4,3,4,4,4,4,4,4,4,2,4,4,9,0,-9.56710634819542
"satisfied","Loyal Customer",64,"Personal Travel","Eco",873,5,4,4,4,1,3,4,5,5,5,5,4,5,1,0,0,-0.757464267003349
"satisfied","Loyal Customer",35,"Business travel","Eco",2024,2,5,5,5,2,2,2,2,2,1,2,5,3,2,0,0,-0.757464267003349
"satisfied","disloyal Customer",24,"Business travel","Eco",2333,5,5,5,3,3,5,3,3,1,1,1,5,5,3,7,0,-7.60940810793052
"satisfied","Loyal Customer",55,"Personal Travel","Eco",994,0,2,0,4,2,4,3,3,3,0,3,1,3,3,68,80,12.6807955639899
"satisfied","Loyal Customer",16,"Personal Travel","Eco",1957,3,3,3,3,5,3,5,4,4,4,4,5,4,5,1,11,9.2636866128642
"satisfied","Loyal Customer",36,"Personal Travel","Eco",1781,0,0,0,4,5,5,5,4,4,4,4,5,4,3,0,0,-0.757464267003349
"satisfied","disloyal Customer",24,"Business travel","Eco",1860,5,5,5,4,3,5,5,3,4,5,5,4,4,3,7,2,-5.60940810793052
"satisfied","Loyal Customer",57,"Business travel","Eco",811,5,4,2,4,4,3,1,5,5,5,5,1,5,3,0,0,-0.757464267003349
"satisfied","Loyal Customer",14,"Personal Travel","Eco",1846,5,5,5,2,1,5,1,1,5,5,5,5,5,1,9,3,-6.56710634819542
"satisfied","Loyal Customer",65,"Business travel","Eco",1302,4,2,1,2,4,4,4,4,4,5,5,1,5,4,0,0,-0.757464267003349
"satisfied","Loyal Customer",25,"Personal Travel","Eco",1666,5,4,5,2,3,5,3,3,4,2,5,3,5,3,0,3,2.24253573299665
"satisfied","Loyal Customer",13,"Personal Travel","Eco",2985,4,2,5,2,4,5,4,4,5,4,1,2,4,4,13,4,-9.48250282872524
"satisfied","Loyal Customer",17,"Personal Travel","Eco",1473,4,5,4,4,1,4,1,1,5,5,4,5,5,1,4,0,-4.67286074753316
"satisfied","Loyal Customer",65,"Business travel","Eco",388,4,1,3,1,1,4,1,4,4,4,4,3,4,4,2,1,-1.71516250726825
"satisfied","Loyal Customer",59,"Personal Travel","Eco",817,3,3,3,3,2,4,1,4,4,4,5,5,4,4,0,0,-0.757464267003349
"satisfied","Loyal Customer",18,"Personal Travel","Eco",2472,1,1,1,1,2,5,4,3,3,3,3,4,3,4,0,0,-0.757464267003349
"satisfied","disloyal Customer",44,"Business travel","Eco",959,0,0,0,2,5,0,5,5,1,5,1,3,3,5,13,14,0.517497171274765
"satisfied","Loyal Customer",11,"Personal Travel","Eco",1873,2,2,2,2,4,4,4,4,4,4,4,5,4,3,11,16,4.47519541153967
"satisfied","disloyal Customer",23,"Business travel","Eco",1385,4,0,4,1,3,4,1,3,4,5,5,2,5,3,0,0,-0.757464267003349
"satisfied","Loyal Customer",26,"Personal Travel","Eco",1376,3,3,5,3,2,5,4,3,3,4,3,4,3,4,13,27,13.5174971712748
"satisfied","Loyal Customer",56,"Personal Travel","Eco",772,4,4,4,4,2,4,4,3,3,4,3,4,3,5,0,0,-0.757464267003349
"satisfied","Loyal Customer",24,"Business travel","Eco",1549,4,4,2,4,4,4,3,4,3,1,1,1,2,4,0,0,-0.757464267003349
"satisfied","Loyal Customer",30,"Personal Travel","Eco",1569,3,3,3,3,3,5,5,4,4,4,4,3,4,4,0,0,-0.757464267003349
"satisfied","Loyal Customer",7,"Personal Travel","Eco",2945,0,4,0,4,1,0,1,1,3,2,5,3,4,1,0,0,-0.757464267003349
"satisfied","Loyal Customer",57,"Personal Travel","Eco",72,4,4,4,4,5,4,5,4,4,4,4,4,4,5,0,0,-0.757464267003349
"satisfied","Loyal Customer",65,"Personal Travel","Eco",1076,3,3,3,3,5,4,2,5,5,5,5,3,5,5,0,3,2.24253573299665
"satisfied","Loyal Customer",39,"Business travel","Eco",2373,4,4,4,4,4,4,4,4,2,4,5,3,4,4,62,46,-15.4461097152154
"satisfied","Loyal Customer",19,"Personal Travel","Eco",1213,5,4,5,3,4,5,3,4,3,4,4,5,4,4,0,0,-0.757464267003349
"satisfied","Loyal Customer",60,"Personal Travel","Eco",1064,2,2,2,2,5,4,4,5,5,5,5,3,5,4,11,0,-11.5248045884603
"satisfied","Loyal Customer",40,"Personal Travel","Eco",1631,2,2,2,2,5,5,5,5,5,5,5,5,5,5,0,0,-0.757464267003349
"satisfied","Loyal Customer",45,"Business travel","Eco",647,4,3,3,3,4,5,5,4,4,4,4,4,4,1,0,0,-0.757464267003349
"satisfied","Loyal Customer",11,"Personal Travel","Eco",1732,4,3,4,3,3,3,4,1,1,4,1,4,1,1,0,0,-0.757464267003349
"satisfied","Loyal Customer",9,"Personal Travel","Eco",3403,2,2,2,2,5,4,5,4,4,4,4,5,4,3,9,12,2.43289365180458
"satisfied","Loyal Customer",8,"Personal Travel","Eco",1664,4,4,4,4,4,3,5,5,5,4,5,3,5,3,1,7,5.2636866128642
"satisfied","Loyal Customer",65,"Personal Travel","Eco",545,2,2,2,2,5,5,1,5,5,5,4,2,5,1,0,0,-0.757464267003349
"satisfied","Loyal Customer",51,"Personal Travel","Eco",986,0,1,0,4,5,0,5,5,1,5,3,1,3,5,2,12,9.28483749273174
"satisfied","Loyal Customer",29,"Personal Travel","Eco",1792,0,0,0,3,3,4,4,4,4,4,4,4,4,3,16,9,-7.41905018912259
"satisfied","Loyal Customer",33,"Personal Travel","Eco",2234,4,4,4,4,2,5,4,5,5,5,5,4,5,5,0,0,-0.757464267003349
"satisfied","Loyal Customer",12,"Personal Travel","Eco",2879,5,3,2,2,5,5,5,5,4,1,4,1,5,5,0,0,-0.757464267003349
"satisfied","Loyal Customer",15,"Personal Travel","Eco",2252,3,3,3,3,2,5,5,4,4,4,4,4,4,4,0,0,-0.757464267003349
"satisfied","Loyal Customer",59,"Personal Travel","Eco",91,0,4,0,2,2,4,4,5,5,0,5,3,5,3,0,0,-0.757464267003349
"satisfied","Loyal Customer",51,"Business travel","Eco",2098,4,3,3,3,4,4,4,4,4,2,4,4,3,4,0,5,4.24253573299665
"satisfied","Loyal Customer",51,"Personal Travel","Eco",1199,4,4,3,3,4,5,5,1,1,3,1,5,1,5,0,0,-0.757464267003349
"satisfied","Loyal Customer",49,"Personal Travel","Eco",855,1,1,1,1,4,5,3,5,5,5,5,5,5,5,2,0,-2.71516250726825
"satisfied","Loyal Customer",33,"Personal Travel","Eco",1949,4,5,4,5,4,4,4,4,1,3,4,1,4,4,67,63,-3.34035531587769
"satisfied","Loyal Customer",7,"Personal Travel","Eco",2066,3,3,3,3,3,4,5,3,3,4,3,5,3,4,0,0,-0.757464267003349
"satisfied","Loyal Customer",43,"Personal Travel","Eco",329,4,4,4,4,4,4,4,4,2,1,3,2,4,4,0,0,-0.757464267003349
"satisfied","Loyal Customer",51,"Personal Travel","Eco",979,0,3,0,4,1,3,2,3,3,0,3,2,3,2,0,0,-0.757464267003349
"satisfied","Loyal Customer",40,"Business travel","Eco",1988,2,3,1,3,2,2,2,2,2,2,3,2,2,2,0,0,-0.757464267003349
"satisfied","Loyal Customer",17,"Personal Travel","Eco",2410,0,2,0,3,1,0,1,1,4,5,3,1,4,1,0,0,-0.757464267003349
"satisfied","Loyal Customer",69,"Personal Travel","Eco",461,3,3,3,3,3,5,4,4,4,4,4,3,4,5,0,0,-0.757464267003349
"satisfied","Loyal Customer",44,"Business travel","Eco",1826,4,4,4,4,4,4,4,4,2,2,1,1,5,4,0,0,-0.757464267003349
"satisfied","Loyal Customer",58,"Personal Travel","Eco",867,2,2,2,2,4,4,5,5,5,5,5,2,5,1,0,0,-0.757464267003349
"satisfied","Loyal Customer",34,"Personal Travel","Eco",2276,5,3,3,3,2,4,2,5,5,5,5,2,5,3,0,0,-0.757464267003349
"satisfied","Loyal Customer",31,"Personal Travel","Eco",1540,5,3,5,3,2,5,2,2,2,5,4,2,3,2,0,4,3.24253573299665
"satisfied","Loyal Customer",17,"Personal Travel","Eco",1349,5,5,1,5,3,4,5,2,2,2,2,4,2,5,0,0,-0.757464267003349
"satisfied","Loyal Customer",61,"Personal Travel","Eco",594,5,5,5,5,5,5,4,5,5,5,5,4,5,3,0,0,-0.757464267003349
"satisfied","disloyal Customer",22,"Business travel","Eco",1871,4,5,4,3,5,4,5,5,3,5,4,4,5,5,2,0,-2.71516250726825
"satisfied","Loyal Customer",31,"Personal Travel","Eco",1558,4,5,4,5,5,4,5,5,5,4,4,3,4,5,0,0,-0.757464267003349
"satisfied","Loyal Customer",38,"Personal Travel","Eco",2036,0,4,0,3,2,0,2,2,4,2,5,5,5,2,70,54,-15.276902676275
"satisfied","Loyal Customer",52,"Personal Travel","Eco",436,4,4,4,4,5,4,5,4,4,4,4,3,4,5,0,0,-0.757464267003349
"satisfied","Loyal Customer",63,"Personal Travel","Eco",650,1,1,1,1,5,4,4,4,4,4,4,3,4,3,0,0,-0.757464267003349
"satisfied","Loyal Customer",12,"Personal Travel","Eco",2391,5,5,4,5,1,3,4,5,5,5,5,2,5,5,29,25,-4.14408875084448
"satisfied","Loyal Customer",38,"Business travel","Eco",1323,5,5,5,5,5,5,5,5,1,3,2,3,5,5,0,0,-0.757464267003349
"satisfied","Loyal Customer",45,"Business travel","Eco",1224,4,5,5,5,2,5,1,4,4,4,4,5,4,1,0,0,-0.757464267003349
"satisfied","Loyal Customer",46,"Personal Travel","Eco",585,2,2,2,2,5,5,4,3,3,4,3,3,3,4,13,12,-1.48250282872523
"satisfied","Loyal Customer",8,"Personal Travel","Eco",2973,3,2,2,2,3,4,3,3,3,3,3,5,5,3,0,10,9.24253573299665
"satisfied","Loyal Customer",42,"Business travel","Eco",2521,4,2,2,2,5,4,5,5,5,5,2,4,4,5,0,0,-0.757464267003349
"satisfied","Loyal Customer",44,"Business travel","Eco",565,5,1,1,1,3,4,5,5,5,5,5,1,5,5,68,58,-9.31920443601014
"satisfied","disloyal Customer",18,"Business travel","Eco",1360,5,0,5,2,1,5,1,1,2,3,4,5,2,1,0,0,-0.757464267003349
"satisfied","Loyal Customer",43,"Personal Travel","Eco",441,4,4,4,4,5,4,5,4,4,5,4,3,4,4,14,0,-14.4613519488577
"satisfied","Loyal Customer",45,"Personal Travel","Eco",1162,0,4,0,4,4,4,5,1,1,1,1,3,1,4,0,13,12.2425357329967
"satisfied","Loyal Customer",69,"Personal Travel","Eco",808,0,5,0,4,5,5,4,2,2,0,5,5,2,3,0,0,-0.757464267003349
"satisfied","Loyal Customer",34,"Personal Travel","Eco",4361,4,4,4,4,3,5,4,4,4,4,4,3,4,4,0,0,-0.757464267003349
"satisfied","Loyal Customer",12,"Personal Travel","Eco",1831,5,4,5,4,2,5,3,2,5,5,5,4,4,2,29,14,-15.1440887508445
"satisfied","Loyal Customer",58,"Personal Travel","Eco",589,5,5,5,5,4,4,4,5,5,5,5,3,5,4,1,0,-1.7363133871358
"satisfied","Loyal Customer",59,"Personal Travel","Eco",566,5,3,5,5,1,1,2,2,2,5,2,5,2,3,0,0,-0.757464267003349
"satisfied","Loyal Customer",65,"Personal Travel","Eco",612,2,2,1,2,5,4,5,4,4,4,4,4,4,2,95,88,-5.74813067958636
"satisfied","disloyal Customer",21,"Business travel","Eco",1131,0,0,0,2,3,0,3,3,1,2,5,5,5,3,0,0,-0.757464267003349
"satisfied","Loyal Customer",28,"Personal Travel","Eco",1548,4,1,4,2,4,4,4,4,2,5,2,3,2,4,0,0,-0.757464267003349
"satisfied","Loyal Customer",25,"Business travel","Eco",2088,0,5,0,3,3,0,5,3,1,4,5,2,1,3,0,0,-0.757464267003349
"satisfied","Loyal Customer",7,"Personal Travel","Eco",1904,3,3,3,3,1,3,3,4,4,4,4,2,4,2,0,0,-0.757464267003349
"satisfied","Loyal Customer",58,"Business travel","Eco",1796,4,3,3,3,3,5,4,5,5,4,5,3,5,3,0,0,-0.757464267003349
"satisfied","Loyal Customer",22,"Personal Travel","Eco",2403,3,3,3,3,3,5,4,5,5,5,5,3,5,3,0,0,-0.757464267003349
"satisfied","Loyal Customer",27,"Personal Travel","Eco",2142,1,1,1,1,5,5,5,5,4,5,4,5,4,5,0,0,-0.757464267003349
"satisfied","Loyal Customer",38,"Personal Travel","Eco",1644,4,4,3,3,4,4,4,2,2,3,2,3,2,4,0,0,-0.757464267003349
"satisfied","Loyal Customer",23,"Business travel","Eco",2879,0,4,0,3,2,0,2,2,2,2,5,3,2,2,71,45,-25.2557517964075
"satisfied","Loyal Customer",40,"Personal Travel","Eco",2336,4,4,4,4,4,4,5,4,4,3,4,3,4,5,0,0,-0.757464267003349
"satisfied","Loyal Customer",20,"Personal Travel","Eco",1581,4,4,4,4,4,4,4,4,1,2,2,5,3,4,0,0,-0.757464267003349
"satisfied","Loyal Customer",28,"Business travel","Eco",2438,5,3,5,5,5,5,5,5,1,2,5,3,2,5,0,0,-0.757464267003349
"satisfied","Loyal Customer",65,"Personal Travel","Eco",971,5,5,5,5,3,4,5,4,4,4,4,4,4,4,0,0,-0.757464267003349
"satisfied","disloyal Customer",25,"Business travel","Eco",1571,4,5,3,4,3,3,3,3,5,5,5,1,5,3,0,0,-0.757464267003349
"satisfied","Loyal Customer",22,"Personal Travel","Eco",3600,0,0,0,1,3,0,3,3,2,4,5,3,1,3,0,0,-0.757464267003349
"satisfied","Loyal Customer",7,"Personal Travel","Eco",2533,3,3,3,3,2,4,4,4,4,4,4,3,4,5,0,0,-0.757464267003349
"satisfied","Loyal Customer",44,"Personal Travel","Eco",90,5,5,5,5,3,5,5,5,5,5,5,5,5,3,35,35,-0.0171834716391961
"satisfied","Loyal Customer",35,"Business travel","Eco",2648,5,5,5,5,5,5,5,5,1,4,4,3,3,5,81,43,-37.044242997732
"satisfied","Loyal Customer",13,"Personal Travel","Eco",2744,1,1,1,1,5,5,5,5,5,5,5,4,5,5,0,0,-0.757464267003349
"satisfied","Loyal Customer",42,"Business travel","Eco",123,4,5,5,5,3,3,1,4,4,4,4,4,4,3,0,0,-0.757464267003349
"satisfied","Loyal Customer",56,"Personal Travel","Eco",1007,4,4,4,4,5,5,5,5,3,3,5,5,5,5,0,0,-0.757464267003349
"satisfied","Loyal Customer",47,"Business travel","Eco",1810,5,4,4,4,5,5,5,5,3,5,5,3,3,5,0,0,-0.757464267003349
"satisfied","Loyal Customer",52,"Business travel","Eco",1335,5,1,1,1,5,5,5,5,3,1,2,2,1,5,0,0,-0.757464267003349
"satisfied","Loyal Customer",59,"Business travel","Eco",1444,4,2,2,2,4,4,4,4,5,3,5,3,3,4,0,9,8.24253573299665
"satisfied","disloyal Customer",21,"Business travel","Eco",1879,5,5,5,1,1,5,1,1,5,2,5,4,5,1,0,0,-0.757464267003349
"satisfied","Loyal Customer",63,"Personal Travel","Eco",305,4,3,4,3,5,4,5,5,4,4,5,3,5,5,26,39,12.7924586095529
"satisfied","Loyal Customer",35,"Business travel","Eco",2565,4,1,1,1,4,4,4,4,5,2,1,1,2,4,0,0,-0.757464267003349
"satisfied","Loyal Customer",51,"Personal Travel","Eco",428,2,2,2,2,2,5,1,4,4,4,4,2,4,1,0,0,-0.757464267003349
"satisfied","Loyal Customer",54,"Personal Travel","Eco",422,1,1,1,1,2,5,5,4,4,4,4,5,4,4,18,22,3.6232515706125
"satisfied","Loyal Customer",35,"Business travel","Eco",1193,5,4,4,4,5,4,5,5,1,3,5,3,1,5,62,51,-10.4461097152154
"satisfied","Loyal Customer",36,"Personal Travel","Eco",2071,4,4,4,4,2,4,4,4,4,4,4,5,4,4,0,0,-0.757464267003349
"satisfied","Loyal Customer",45,"Business travel","Eco",625,5,4,4,4,4,2,5,5,5,5,5,5,5,3,0,25,24.2425357329967
"satisfied","Loyal Customer",33,"Personal Travel","Eco",3066,5,5,5,5,3,4,4,4,4,4,4,5,4,3,0,10,9.24253573299665
"satisfied","Loyal Customer",60,"Business travel","Eco",666,4,2,2,2,5,2,3,4,4,4,4,4,4,5,0,0,-0.757464267003349
"satisfied","Loyal Customer",32,"Personal Travel","Eco",1453,3,3,3,3,5,5,5,5,3,4,5,3,4,5,0,0,-0.757464267003349
"satisfied","Loyal Customer",52,"Business travel","Eco",80,5,4,3,4,3,4,3,5,5,5,5,2,5,5,50,44,-5.69992027362599
"satisfied","Loyal Customer",54,"Personal Travel","Eco",1455,3,3,3,3,4,5,4,5,5,5,5,4,5,3,0,0,-0.757464267003349
"satisfied","Loyal Customer",45,"Personal Travel","Eco",673,0,2,0,3,1,2,3,3,3,0,3,1,3,2,3,1,-2.69401162740071
"satisfied","Loyal Customer",34,"Personal Travel","Eco",1273,4,4,0,3,4,0,4,4,5,4,5,5,4,4,0,0,-0.757464267003349
"satisfied","Loyal Customer",43,"Personal Travel","Eco",679,3,3,3,3,5,5,5,5,3,4,3,1,3,5,15,49,33.5597989310099
"satisfied","Loyal Customer",54,"Personal Travel","Eco",391,4,4,4,4,3,5,5,4,4,4,4,3,4,3,0,6,5.24253573299665
"satisfied","Loyal Customer",75,"Business travel","Eco",2052,5,2,4,4,5,5,5,2,3,4,3,5,5,5,0,0,-0.757464267003349
"satisfied","Loyal Customer",9,"Personal Travel","Eco Plus",2663,4,4,4,4,3,4,5,3,3,3,3,5,3,3,0,0,-0.757464267003349
"satisfied","Loyal Customer",37,"Business travel","Eco Plus",2357,4,3,3,3,4,4,4,4,2,2,4,3,5,4,0,9,8.24253573299665
"satisfied","Loyal Customer",45,"Business travel","Eco Plus",2402,4,1,1,1,4,4,4,4,4,3,2,5,5,4,0,0,-0.757464267003349
"satisfied","Loyal Customer",25,"Personal Travel","Eco Plus",1910,3,3,3,3,5,5,4,3,3,4,3,5,3,4,0,0,-0.757464267003349
"satisfied","Loyal Customer",40,"Personal Travel","Eco Plus",2884,2,2,5,2,4,4,4,4,3,4,5,4,4,4,0,0,-0.757464267003349
"satisfied","Loyal Customer",37,"Personal Travel","Eco Plus",1712,5,5,3,5,2,5,5,4,4,4,4,3,4,4,0,20,19.2425357329967
"satisfied","Loyal Customer",69,"Business travel","Eco Plus",88,4,2,4,4,2,2,1,4,4,4,4,2,4,1,0,0,-0.757464267003349
"satisfied","Loyal Customer",31,"Personal Travel","Eco Plus",1441,4,2,4,2,4,4,4,4,5,1,3,5,1,4,25,17,-8.22869227031467
"satisfied","Loyal Customer",33,"Business travel","Eco Plus",1886,4,4,4,4,4,4,4,4,2,4,3,2,3,4,0,0,-0.757464267003349
"satisfied","Loyal Customer",22,"Business travel","Eco Plus",2870,5,1,1,1,5,4,5,5,4,3,5,4,1,5,4,0,-4.67286074753316
"satisfied","Loyal Customer",38,"Personal Travel","Eco Plus",2216,5,5,4,5,2,5,4,5,5,5,5,4,5,3,0,0,-0.757464267003349
"satisfied","Loyal Customer",56,"Business travel","Eco Plus",1956,5,1,1,1,5,5,5,5,3,5,5,5,4,5,0,0,-0.757464267003349
"satisfied","Loyal Customer",30,"Personal Travel","Eco Plus",2601,4,2,2,2,5,5,1,4,4,4,4,4,4,5,0,0,-0.757464267003349
"satisfied","Loyal Customer",45,"Business travel","Eco Plus",2046,4,1,1,1,5,4,5,5,2,3,5,3,2,5,15,18,2.55979893100986
"satisfied","Loyal Customer",30,"Personal Travel","Eco Plus",1590,2,2,5,2,2,5,5,3,3,3,3,5,3,4,72,49,-22.23460091654
"satisfied","Loyal Customer",60,"Personal Travel","Eco Plus",480,2,2,2,2,3,5,5,4,4,4,4,3,4,4,8,9,0.411742771937029
"satisfied","Loyal Customer",48,"Business travel","Eco Plus",1277,4,5,5,5,3,4,3,3,1,5,2,5,2,3,0,0,-0.757464267003349
"satisfied","Loyal Customer",57,"Personal Travel","Eco Plus",1050,4,5,4,1,5,5,4,5,5,4,2,5,5,5,9,0,-9.56710634819542
"satisfied","Loyal Customer",56,"Business travel","Eco Plus",1706,4,4,4,4,4,4,4,4,5,2,5,4,4,4,0,3,2.24253573299665
"satisfied","Loyal Customer",46,"Business travel","Eco Plus",580,4,3,3,3,3,5,5,4,4,4,4,4,4,5,3,0,-3.69401162740071
"satisfied","Loyal Customer",32,"Personal Travel","Eco Plus",1303,5,3,5,5,4,1,2,5,5,4,5,5,5,1,0,0,-0.757464267003349
"satisfied","Loyal Customer",46,"Business travel","Eco Plus",1871,4,5,3,5,3,4,3,3,4,2,5,3,3,3,9,16,6.43289365180458
"satisfied","Loyal Customer",22,"Business travel","Eco Plus",2513,4,3,3,3,4,5,4,4,4,5,1,3,4,4,0,0,-0.757464267003349
"satisfied","Loyal Customer",46,"Business travel","Eco Plus",1202,4,4,4,4,4,4,4,4,5,1,1,4,1,4,3,0,-3.69401162740071
"satisfied","Loyal Customer",61,"Business travel","Eco Plus",1362,4,3,3,3,4,4,4,4,4,5,1,1,3,4,0,0,-0.757464267003349
"satisfied","Loyal Customer",34,"Personal Travel","Eco Plus",1927,4,2,4,2,2,2,2,4,4,4,4,3,4,1,2,0,-2.71516250726825
"satisfied","Loyal Customer",58,"Personal Travel","Eco Plus",780,5,5,5,5,2,4,5,5,5,5,5,5,5,5,0,0,-0.757464267003349
"satisfied","Loyal Customer",35,"Business travel","Eco Plus",2460,4,4,4,4,4,4,4,4,3,2,5,3,2,4,6,0,-6.63055898779807
"satisfied","Loyal Customer",31,"Business travel","Eco Plus",2063,5,4,4,4,5,5,5,5,3,1,1,4,1,5,0,0,-0.757464267003349
"satisfied","Loyal Customer",31,"Business travel","Eco Plus",1601,5,4,3,4,5,5,5,5,3,3,3,3,3,5,0,0,-0.757464267003349
"satisfied","Loyal Customer",22,"Personal Travel","Eco Plus",2358,5,1,1,1,5,4,5,3,3,5,3,1,3,1,0,0,-0.757464267003349
"satisfied","Loyal Customer",37,"Business travel","Eco Plus",1652,4,2,2,2,4,4,4,4,4,2,5,5,1,4,0,0,-0.757464267003349
"satisfied","Loyal Customer",17,"Business travel","Eco Plus",2132,4,2,2,2,4,4,5,4,4,4,2,5,1,4,0,0,-0.757464267003349
"satisfied","Loyal Customer",41,"Business travel","Eco Plus",1112,4,5,5,5,3,1,5,4,4,4,4,1,4,4,14,0,-14.4613519488577
"satisfied","Loyal Customer",11,"Personal Travel","Eco Plus",1436,4,0,4,5,3,4,2,3,4,5,4,3,5,3,12,0,-12.5036537085928
"satisfied","Loyal Customer",8,"Personal Travel","Eco Plus",1811,1,1,1,1,5,1,3,4,4,4,4,1,4,5,23,6,-17.2709940300498
"satisfied","Loyal Customer",40,"Business travel","Eco Plus",2499,5,1,1,1,5,5,5,5,1,3,2,5,4,5,0,16,15.2425357329967
"satisfied","Loyal Customer",53,"Business travel","Business",1515,5,5,5,5,5,5,4,4,4,4,4,5,4,3,0,0,-0.757464267003349
"satisfied","Loyal Customer",55,"Business travel","Business",1599,1,1,1,1,4,5,5,2,2,2,2,5,2,4,4,0,-4.67286074753316
"satisfied","Loyal Customer",30,"Business travel","Business",1327,5,5,5,5,4,4,4,4,4,3,4,5,1,4,3,3,-0.694011627400707
"satisfied","Loyal Customer",52,"Business travel","Business",3427,4,4,4,4,4,4,5,5,5,5,5,3,5,5,18,36,17.6232515706125
"satisfied","Loyal Customer",34,"Business travel","Business",3678,1,1,5,1,5,2,1,5,5,5,5,1,5,2,110,111,2.56913251842684
"satisfied","Loyal Customer",44,"Business travel","Business",329,1,1,1,1,5,5,4,4,4,4,4,4,4,4,0,0,-0.757464267003349
"satisfied","Loyal Customer",55,"Business travel","Business",3405,2,2,2,2,2,4,1,5,5,5,5,5,5,3,8,0,-8.58825722806297
"satisfied","Loyal Customer",26,"Business travel","Business",5554,5,5,5,5,5,5,5,5,1,5,3,1,2,5,0,0,-0.757464267003349
"satisfied","Loyal Customer",57,"Business travel","Business",475,1,1,1,1,4,5,5,4,4,4,4,5,4,5,41,37,-3.89027819243391
"satisfied","Loyal Customer",57,"Business travel","Business",1979,1,1,1,1,2,5,5,5,5,5,5,4,5,5,71,47,-23.2557517964075
"satisfied","Loyal Customer",34,"Business travel","Business",2471,1,1,1,1,5,4,4,4,3,3,5,4,5,4,19,8,-11.35559754952
"satisfied","Loyal Customer",39,"Business travel","Business",2148,2,2,2,2,2,3,1,4,4,4,4,2,4,5,57,46,-10.5518641145532
"satisfied","Loyal Customer",45,"Business travel","Business",3312,4,4,5,4,2,3,2,5,5,5,5,4,5,2,0,0,-0.757464267003349
"satisfied","disloyal Customer",45,"Business travel","Business",1791,5,5,5,1,3,5,3,3,3,3,5,3,4,3,0,0,-0.757464267003349
"satisfied","Loyal Customer",60,"Business travel","Business",340,5,5,5,5,4,5,4,5,5,5,5,4,5,5,9,9,-0.567106348195423
"satisfied","Loyal Customer",54,"Business travel","Business",2308,2,2,2,2,5,3,4,4,4,5,4,1,4,5,0,0,-0.757464267003349
"satisfied","Loyal Customer",44,"Business travel","Business",375,1,1,1,1,3,4,3,4,4,4,4,2,4,1,0,2,1.24253573299665
"satisfied","Loyal Customer",60,"Business travel","Business",97,4,4,4,4,3,5,4,4,4,4,5,3,4,3,0,0,-0.757464267003349
"satisfied","Loyal Customer",56,"Business travel","Business",2581,3,3,3,3,4,4,4,4,4,4,4,5,4,5,6,0,-6.63055898779807
"satisfied","Loyal Customer",36,"Business travel","Business",2582,4,4,4,4,4,4,5,5,5,5,5,3,5,4,0,0,-0.757464267003349
"satisfied","Loyal Customer",45,"Business travel","Business",410,5,5,5,5,3,4,5,4,4,4,4,5,4,4,0,0,-0.757464267003349
"satisfied","Loyal Customer",27,"Personal Travel","Business",1296,3,3,3,3,5,4,4,4,4,4,4,4,4,4,0,0,-0.757464267003349
"satisfied","Loyal Customer",46,"Business travel","Business",3437,3,3,3,3,4,5,4,4,4,4,4,4,4,3,0,0,-0.757464267003349
"satisfied","Loyal Customer",36,"Business travel","Business",2581,4,4,5,4,4,3,3,4,5,3,5,3,5,3,0,3,2.24253573299665
"satisfied","Loyal Customer",30,"Business travel","Business",2379,4,4,4,4,4,4,4,1,2,2,3,4,2,4,109,147,39.5479816385593
"satisfied","disloyal Customer",24,"Business travel","Business",1718,5,0,5,3,5,5,5,5,3,2,4,4,5,5,46,50,4.21547620690382
"satisfied","Loyal Customer",50,"Business travel","Business",955,1,1,1,1,2,4,2,4,4,4,4,5,4,1,116,102,-12.3039622023679
"satisfied","Loyal Customer",57,"Business travel","Business",303,2,2,2,2,2,5,4,5,5,5,5,3,5,2,0,1,0.242535732996651
"satisfied","Loyal Customer",46,"Business travel","Business",2840,2,5,2,2,4,5,5,5,5,4,5,4,5,5,0,6,5.24253573299665
"satisfied","Loyal Customer",54,"Business travel","Business",3796,4,4,4,4,3,1,5,4,4,4,4,1,4,1,31,15,-16.1017869911094
"satisfied","Loyal Customer",27,"Business travel","Business",2150,1,1,1,1,2,2,2,1,5,1,5,2,3,2,120,151,32.7806413171023
"satisfied","Loyal Customer",51,"Business travel","Business",596,3,3,5,3,3,4,5,2,2,2,2,5,2,5,0,0,-0.757464267003349
"satisfied","Loyal Customer",39,"Business travel","Business",1631,3,3,2,3,2,5,4,2,2,2,2,3,2,4,0,0,-0.757464267003349
"satisfied","Loyal Customer",49,"Business travel","Business",1810,5,5,5,5,4,4,4,4,4,3,4,3,4,4,0,0,-0.757464267003349
"satisfied","disloyal Customer",39,"Business travel","Business",2101,5,5,5,1,5,5,5,5,3,5,4,4,4,5,0,44,43.2425357329967
"satisfied","Loyal Customer",37,"Business travel","Business",1833,1,1,1,1,4,5,5,2,2,2,2,4,2,4,2,0,-2.71516250726825
"satisfied","Loyal Customer",46,"Business travel","Business",361,1,1,1,1,2,5,4,5,5,5,5,3,5,3,18,17,-1.3767484293875
"satisfied","Loyal Customer",17,"Business travel","Business",2140,4,4,1,4,5,5,5,5,4,5,2,4,4,5,0,0,-0.757464267003349
"satisfied","Loyal Customer",34,"Business travel","Business",1423,3,3,3,3,2,5,5,2,2,2,2,4,2,4,0,0,-0.757464267003349
"satisfied","Loyal Customer",11,"Personal Travel","Business",1457,4,2,0,4,3,0,3,3,3,1,3,1,4,3,0,0,-0.757464267003349
"satisfied","disloyal Customer",42,"Business travel","Business",2090,4,5,5,1,4,4,4,4,3,2,5,5,4,4,0,26,25.2425357329967
"satisfied","Loyal Customer",17,"Business travel","Business",5471,3,3,3,3,4,5,4,4,4,5,4,4,4,4,0,0,-0.757464267003349
"satisfied","Loyal Customer",62,"Business travel","Business",735,4,4,4,4,3,5,5,4,4,4,4,3,4,3,10,3,-7.54595546832788
"satisfied","Loyal Customer",60,"Business travel","Business",2926,1,1,1,1,3,5,4,5,5,5,5,3,5,5,1,0,-1.7363133871358
"satisfied","Loyal Customer",27,"Personal Travel","Business",2369,2,2,2,2,4,4,4,4,4,3,4,2,5,4,3,6,2.30598837259929
"satisfied","Loyal Customer",39,"Business travel","Business",627,1,1,1,1,3,4,5,4,4,4,4,5,4,3,38,33,-4.95373083203655
"satisfied","Loyal Customer",45,"Business travel","Business",712,4,4,4,4,4,5,5,5,5,5,5,4,5,3,30,21,-9.12293787097693
"satisfied","Loyal Customer",23,"Business travel","Business",1638,1,1,1,1,4,4,4,4,2,3,4,4,4,4,28,67,38.834760369288
"satisfied","Loyal Customer",29,"Business travel","Business",1395,0,5,0,5,4,4,4,4,3,5,5,4,4,4,0,0,-0.757464267003349
"satisfied","Loyal Customer",57,"Business travel","Business",1969,3,3,3,3,3,4,5,2,2,2,2,3,2,4,18,15,-3.3767484293875
"satisfied","Loyal Customer",48,"Business travel","Business",955,2,2,2,2,5,4,5,5,5,4,5,4,5,5,0,0,-0.757464267003349
"satisfied","Loyal Customer",39,"Business travel","Business",940,4,4,4,4,2,2,5,5,5,5,5,1,5,1,42,23,-18.8691273125664
"satisfied","Loyal Customer",44,"Business travel","Business",456,3,3,3,3,4,4,4,4,4,4,4,5,4,5,0,0,-0.757464267003349
"satisfied","Loyal Customer",27,"Business travel","Business",2471,1,1,1,1,5,5,5,5,4,3,5,5,5,5,0,0,-0.757464267003349
"satisfied","Loyal Customer",61,"Business travel","Business",665,1,1,1,1,3,4,5,5,5,5,5,3,5,4,0,5,4.24253573299665
"satisfied","Loyal Customer",45,"Business travel","Business",3548,5,5,3,5,3,5,5,3,3,3,3,3,3,4,22,17,-5.29214490991731
"satisfied","Loyal Customer",48,"Business travel","Business",843,2,2,2,2,4,4,5,4,4,4,4,4,4,5,0,0,-0.757464267003349
"satisfied","Loyal Customer",40,"Business travel","Business",638,5,5,5,5,3,5,1,4,4,4,4,4,4,3,43,30,-12.8479764326988
"satisfied","Loyal Customer",35,"Business travel","Business",842,3,3,3,3,2,5,5,5,5,5,5,5,5,4,0,0,-0.757464267003349
"satisfied","Loyal Customer",52,"Business travel","Business",327,2,2,1,2,5,5,5,4,4,4,4,5,4,5,17,15,-2.39789930925505
"satisfied","Loyal Customer",45,"Business travel","Business",1391,2,2,2,2,3,5,4,5,5,4,5,5,5,5,0,0,-0.757464267003349
"satisfied","Loyal Customer",57,"Business travel","Business",850,2,2,2,2,3,4,5,4,4,4,4,5,4,3,8,11,2.41174277193703
"satisfied","Loyal Customer",46,"Business travel","Business",3486,5,5,5,5,2,2,5,5,5,5,5,1,5,3,0,0,-0.757464267003349
"satisfied","Loyal Customer",40,"Business travel","Business",3640,2,2,2,2,2,5,5,4,4,4,4,4,4,5,0,0,-0.757464267003349
"satisfied","Loyal Customer",27,"Business travel","Business",3838,1,1,1,1,2,2,2,2,5,4,5,5,4,2,0,0,-0.757464267003349
"satisfied","Loyal Customer",27,"Business travel","Business",4515,4,4,4,4,5,4,5,5,3,4,5,5,5,5,0,0,-0.757464267003349
"satisfied","Loyal Customer",39,"Business travel","Business",1755,2,2,2,2,2,4,4,5,5,5,5,4,5,5,0,0,-0.757464267003349
"satisfied","Loyal Customer",29,"Business travel","Business",3985,1,1,5,1,5,5,5,5,2,1,5,2,3,5,0,0,-0.757464267003349
"satisfied","Loyal Customer",46,"Business travel","Business",1466,2,2,2,2,3,5,5,4,4,4,4,4,4,5,19,14,-5.35559754951995
"satisfied","Loyal Customer",29,"Business travel","Business",3522,5,5,5,5,4,4,4,4,5,4,4,4,5,4,12,7,-5.50365370859278
"satisfied","Loyal Customer",40,"Business travel","Business",1637,1,1,1,1,5,4,5,5,5,5,5,2,5,5,0,0,-0.757464267003349
"satisfied","Loyal Customer",54,"Business travel","Business",604,4,4,4,4,3,5,5,2,2,2,2,4,2,5,53,40,-12.6364676340233
"satisfied","Loyal Customer",41,"Business travel","Business",87,5,5,4,5,2,4,5,4,4,4,4,5,4,3,0,3,2.24253573299665
"satisfied","Loyal Customer",50,"Business travel","Business",3689,2,2,2,2,4,4,4,4,4,4,4,3,4,4,0,12,11.2425357329967
"satisfied","Loyal Customer",38,"Business travel","Business",1752,3,3,3,3,4,3,4,4,4,4,4,4,4,5,23,30,6.72900596995024
"satisfied","Loyal Customer",47,"Business travel","Business",905,2,2,2,2,3,4,5,3,3,4,3,5,3,3,13,15,1.51749717127477
"satisfied","Loyal Customer",52,"Business travel","Business",1767,1,1,1,1,5,4,5,5,5,5,5,5,5,5,0,0,-0.757464267003349
"satisfied","Loyal Customer",40,"Business travel","Business",2362,1,1,1,1,5,1,1,4,4,4,4,5,4,2,0,0,-0.757464267003349
"satisfied","Loyal Customer",24,"Business travel","Business",2332,2,2,4,2,4,4,4,4,4,4,1,2,5,4,0,0,-0.757464267003349
"satisfied","Loyal Customer",54,"Business travel","Business",425,5,1,5,5,3,5,4,4,4,4,4,3,4,5,6,5,-1.63055898779807
"satisfied","Loyal Customer",36,"Business travel","Business",2194,1,1,1,1,1,3,3,5,5,5,5,1,5,3,0,1,0.242535732996651
"satisfied","Loyal Customer",59,"Business travel","Business",357,1,1,1,1,5,5,4,4,4,4,4,3,4,5,0,0,-0.757464267003349
"satisfied","Loyal Customer",57,"Business travel","Business",1607,5,5,5,5,3,1,3,4,4,4,5,1,4,4,29,49,19.8559112491555
"satisfied","Loyal Customer",45,"Business travel","Business",1172,5,5,5,5,2,5,4,5,5,5,5,5,5,3,0,5,4.24253573299665
"satisfied","Loyal Customer",57,"Business travel","Business",912,2,2,2,2,5,5,5,5,5,5,5,4,5,3,0,0,-0.757464267003349
"satisfied","Loyal Customer",47,"Personal Travel","Business",1469,0,4,0,3,5,5,4,1,1,0,1,4,1,3,0,0,-0.757464267003349
"satisfied","Loyal Customer",41,"Business travel","Business",2268,5,5,5,5,3,5,5,5,5,5,5,3,5,4,0,4,3.24253573299665
"satisfied","Loyal Customer",39,"Business travel","Business",2609,0,5,0,4,5,5,5,1,1,1,1,4,1,3,3,1,-2.69401162740071
"satisfied","Loyal Customer",35,"Business travel","Business",771,3,3,3,3,5,5,5,5,5,5,5,4,5,3,12,13,0.496346291407218
"satisfied","disloyal Customer",38,"Business travel","Business",1835,4,4,4,4,5,4,5,5,5,5,4,4,5,5,0,0,-0.757464267003349
"satisfied","disloyal Customer",26,"Business travel","Business",948,5,5,5,3,4,5,4,4,4,4,4,4,5,4,0,1,0.242535732996651
"satisfied","Loyal Customer",43,"Business travel","Business",2221,5,5,5,5,4,5,5,4,4,4,4,4,4,5,0,0,-0.757464267003349
"satisfied","Loyal Customer",46,"Business travel","Business",2026,3,3,3,3,3,4,4,4,4,4,4,5,4,3,70,66,-3.27690267627505
"satisfied","Loyal Customer",37,"Business travel","Business",89,0,4,1,2,2,4,4,4,4,4,4,1,4,2,0,0,-0.757464267003349
"satisfied","Loyal Customer",59,"Business travel","Business",834,3,3,3,3,5,4,5,4,4,5,4,3,4,4,43,37,-5.84797643269882
"satisfied","Loyal Customer",49,"Business travel","Business",5509,4,4,4,4,5,5,5,2,4,5,1,5,2,5,157,138,-16.4367761277984
"satisfied","Loyal Customer",32,"Business travel","Business",2229,2,2,2,2,5,4,5,5,5,5,4,2,2,5,0,0,-0.757464267003349
"satisfied","Loyal Customer",39,"Business travel","Business",1690,2,2,2,2,2,4,4,5,5,5,5,3,5,4,0,0,-0.757464267003349
"satisfied","Loyal Customer",41,"Business travel","Business",3426,3,3,3,3,5,4,4,2,2,2,2,3,2,5,0,0,-0.757464267003349
"satisfied","Loyal Customer",42,"Business travel","Business",2135,2,2,2,2,1,5,2,5,5,5,5,4,5,5,11,0,-11.5248045884603
"satisfied","Loyal Customer",52,"Business travel","Business",674,5,5,5,5,2,4,5,3,3,4,3,3,3,5,0,0,-0.757464267003349
"satisfied","Loyal Customer",53,"Business travel","Business",1847,5,5,5,5,4,4,5,4,4,4,4,5,4,3,0,51,50.2425357329967
"satisfied","Loyal Customer",54,"Business travel","Business",2489,1,1,1,1,4,5,4,5,5,5,4,3,5,5,5,0,-5.65170986766561
"satisfied","disloyal Customer",25,"Business travel","Business",2076,4,4,4,2,3,4,3,3,5,4,5,4,4,3,12,0,-12.5036537085928
"satisfied","Loyal Customer",67,"Business travel","Business",1239,3,3,3,3,2,4,5,4,4,4,4,5,4,5,0,0,-0.757464267003349
"satisfied","Loyal Customer",40,"Business travel","Business",2548,5,5,5,5,3,4,5,5,5,4,5,3,5,3,28,36,7.83476036928797
"satisfied","Loyal Customer",47,"Business travel","Business",1617,3,3,3,3,2,4,5,5,5,5,5,5,5,3,1,0,-1.7363133871358
"satisfied","Loyal Customer",33,"Business travel","Business",4716,1,1,1,1,5,5,5,5,4,3,5,4,4,5,0,0,-0.757464267003349
"satisfied","disloyal Customer",19,"Business travel","Business",2354,4,0,4,3,2,4,2,2,3,4,3,4,5,2,78,56,-21.1076956373347
"satisfied","Loyal Customer",51,"Business travel","Business",3268,2,2,2,2,5,2,2,5,5,5,5,3,5,3,21,14,-7.31329578978486
"satisfied","Loyal Customer",50,"Business travel","Business",318,1,1,1,1,2,4,5,4,4,4,4,4,4,3,31,29,-2.10178699110938
"satisfied","Loyal Customer",37,"Business travel","Business",3799,4,4,4,4,3,5,2,5,5,5,5,5,5,3,0,0,-0.757464267003349
"satisfied","Loyal Customer",40,"Business travel","Business",77,3,3,3,3,5,4,4,5,5,5,4,5,5,5,31,36,4.89821300889062
"satisfied","Loyal Customer",59,"Business travel","Business",1671,1,1,1,1,2,5,4,5,5,5,5,4,5,5,47,78,31.2366270867714
"satisfied","Loyal Customer",53,"Business travel","Business",2530,4,4,4,4,4,4,4,5,5,5,5,5,5,5,0,33,32.2425357329967
"satisfied","Loyal Customer",49,"Business travel","Business",2179,1,1,1,1,2,5,5,5,5,5,5,5,5,3,0,2,1.24253573299665
"satisfied","Loyal Customer",55,"Business travel","Business",2003,5,5,5,5,4,4,5,3,3,3,3,4,3,3,0,0,-0.757464267003349
"satisfied","Loyal Customer",41,"Business travel","Business",1510,3,3,3,3,2,4,5,5,5,5,5,3,5,3,0,0,-0.757464267003349
"satisfied","Loyal Customer",23,"Business travel","Business",2779,1,1,1,1,5,5,5,5,3,5,4,5,4,5,0,0,-0.757464267003349
"satisfied","disloyal Customer",23,"Business travel","Business",2406,0,0,0,4,3,0,3,3,4,3,4,4,4,3,3,42,38.3059883725993
"satisfied","Loyal Customer",44,"Business travel","Business",3894,5,5,5,5,3,5,4,4,4,4,4,3,4,3,43,21,-21.8479764326988
"satisfied","disloyal Customer",26,"Business travel","Business",2071,0,0,0,4,4,0,4,4,5,3,4,3,5,4,0,0,-0.757464267003349
"satisfied","Loyal Customer",64,"Personal Travel","Business",404,3,3,3,3,2,5,5,4,4,5,4,4,4,5,0,0,-0.757464267003349
"satisfied","Loyal Customer",41,"Business travel","Business",2762,3,3,3,3,3,5,4,5,5,5,5,3,5,5,0,0,-0.757464267003349
"satisfied","Loyal Customer",45,"Business travel","Business",3905,0,0,0,2,2,5,5,3,3,3,3,3,3,5,10,4,-6.54595546832788
"satisfied","disloyal Customer",24,"Business travel","Business",2222,0,5,0,1,3,0,4,3,4,2,5,4,5,3,34,32,-2.03833435150674
"satisfied","Loyal Customer",53,"Business travel","Business",380,0,0,0,2,2,4,4,1,1,1,1,5,1,3,2,0,-2.71516250726825
"satisfied","Loyal Customer",61,"Business travel","Business",3115,3,3,3,3,4,5,5,3,3,4,3,5,3,4,66,67,1.63849380425477
"satisfied","Loyal Customer",59,"Business travel","Business",1402,4,4,4,4,4,5,4,3,3,3,3,4,3,3,2,3,0.284837492731745
"satisfied","Loyal Customer",54,"Business travel","Business",350,1,1,1,1,3,5,2,4,4,4,4,3,4,2,0,0,-0.757464267003349
"satisfied","disloyal Customer",22,"Business travel","Business",1184,0,0,1,4,2,1,3,2,3,2,4,3,4,2,0,0,-0.757464267003349
"satisfied","Loyal Customer",44,"Business travel","Business",3796,1,1,1,1,2,4,5,5,5,5,5,5,5,3,105,93,-10.5366218809109
"satisfied","Loyal Customer",51,"Business travel","Business",2208,2,2,2,2,3,5,4,4,4,4,4,5,4,5,20,16,-4.3344466696524
"satisfied","Loyal Customer",62,"Business travel","Business",380,0,0,0,1,4,5,4,5,5,5,5,4,5,5,0,0,-0.757464267003349
"satisfied","Loyal Customer",26,"Business travel","Business",2895,5,1,5,5,2,2,2,2,5,1,3,5,1,2,0,0,-0.757464267003349
"satisfied","Loyal Customer",33,"Business travel","Business",2956,3,3,3,3,2,2,2,2,4,2,2,5,1,2,35,38,2.9828165283608
"satisfied","Loyal Customer",45,"Business travel","Business",3957,5,5,2,5,5,4,1,4,4,4,4,2,4,2,0,0,-0.757464267003349
"satisfied","Loyal Customer",23,"Business travel","Business",3249,1,1,1,1,4,4,4,4,3,2,5,4,5,4,81,87,6.95575700226797
"satisfied","Loyal Customer",26,"Business travel","Business",4897,1,1,1,1,5,5,5,5,5,5,5,3,4,5,1,0,-1.7363133871358
"satisfied","Loyal Customer",55,"Business travel","Business",3825,4,4,3,4,3,4,4,5,5,5,5,4,5,5,0,0,-0.757464267003349
"satisfied","Loyal Customer",30,"Business travel","Business",1596,3,3,3,3,5,5,5,5,4,3,5,3,5,5,0,0,-0.757464267003349
"satisfied","Loyal Customer",22,"Business travel","Business",5313,5,5,5,5,5,5,3,5,2,3,5,2,1,5,0,23,22.2425357329967
"satisfied","Loyal Customer",32,"Business travel","Business",2092,3,3,3,3,4,4,4,4,4,3,4,5,5,4,20,44,23.6655533303476
"satisfied","Loyal Customer",44,"Business travel","Business",784,5,5,5,5,5,1,4,4,4,4,4,2,4,5,0,2,1.24253573299665
"satisfied","Loyal Customer",46,"Business travel","Business",96,5,5,5,5,3,4,4,5,5,4,5,4,5,4,0,0,-0.757464267003349
"satisfied","Loyal Customer",49,"Business travel","Business",2686,1,1,1,1,2,2,3,2,2,2,2,3,2,1,0,0,-0.757464267003349
"satisfied","Loyal Customer",21,"Business travel","Business",3563,5,4,5,5,4,4,4,4,5,2,4,4,4,4,4,12,7.32713925246684
"satisfied","Loyal Customer",39,"Business travel","Business",273,2,2,2,2,5,4,2,5,5,5,5,4,5,1,0,2,1.24253573299665
"satisfied","Loyal Customer",32,"Business travel","Business",3147,3,3,1,3,5,5,5,5,4,3,4,3,5,5,0,0,-0.757464267003349
"satisfied","Loyal Customer",58,"Business travel","Business",2109,5,5,5,5,2,4,4,5,5,5,4,5,5,4,0,0,-0.757464267003349
"satisfied","disloyal Customer",21,"Business travel","Business",1138,5,4,5,1,1,5,1,1,3,3,5,5,5,1,0,0,-0.757464267003349
"satisfied","Loyal Customer",45,"Business travel","Business",3947,3,3,4,3,4,4,4,4,4,4,4,4,4,4,11,11,-0.524804588460329
"satisfied","Loyal Customer",22,"Business travel","Business",3438,4,4,4,4,5,5,5,5,3,3,4,5,4,5,3,0,-3.69401162740071
"satisfied","Loyal Customer",55,"Business travel","Business",994,4,4,4,4,5,2,4,5,5,5,5,3,5,1,2,0,-2.71516250726825
"satisfied","Loyal Customer",58,"Business travel","Business",3636,4,4,4,4,3,4,5,4,4,4,4,5,4,4,0,0,-0.757464267003349
"satisfied","Loyal Customer",47,"Business travel","Business",2057,5,5,5,5,4,5,4,5,5,5,5,3,5,3,10,10,-0.545955468327876
"satisfied","Loyal Customer",62,"Business travel","Business",93,4,4,4,4,2,5,4,5,5,5,4,4,5,4,1,10,8.2636866128642
"satisfied","disloyal Customer",21,"Business travel","Business",1850,0,0,0,2,0,5,5,4,4,4,4,5,4,5,158,133,-22.4156252479309
"satisfied","Loyal Customer",47,"Business travel","Business",2011,4,4,4,4,4,5,5,4,4,4,4,5,4,5,0,0,-0.757464267003349
"satisfied","Loyal Customer",59,"Business travel","Business",1153,1,1,1,1,5,4,5,4,4,4,4,3,4,4,0,0,-0.757464267003349
"satisfied","Loyal Customer",41,"Business travel","Business",1202,5,5,5,5,4,5,4,5,5,5,5,3,5,3,0,0,-0.757464267003349
"satisfied","Loyal Customer",42,"Business travel","Business",3814,0,0,0,2,5,5,5,1,1,1,1,4,1,5,0,0,-0.757464267003349
"satisfied","Loyal Customer",50,"Business travel","Business",2169,3,3,3,3,4,4,4,5,5,5,5,4,5,4,0,0,-0.757464267003349
"satisfied","disloyal Customer",39,"Business travel","Business",2056,4,4,4,2,4,4,4,4,4,5,4,4,5,4,0,2,1.24253573299665
"satisfied","Loyal Customer",43,"Business travel","Business",420,4,4,4,4,5,5,4,2,2,2,2,5,2,4,16,13,-3.41905018912259
"satisfied","Loyal Customer",44,"Business travel","Business",316,2,2,4,2,3,5,5,5,5,5,5,5,5,5,0,0,-0.757464267003349
"satisfied","Loyal Customer",44,"Business travel","Business",778,1,1,1,1,3,5,5,4,4,4,4,4,4,5,35,15,-20.0171834716392
"satisfied","Loyal Customer",52,"Business travel","Business",1498,3,3,3,3,2,4,4,2,2,2,2,5,2,5,0,1,0.242535732996651
"satisfied","Loyal Customer",53,"Business travel","Business",2051,3,1,3,3,4,4,5,5,5,5,5,3,5,3,3,0,-3.69401162740071
"satisfied","Loyal Customer",32,"Business travel","Business",2229,3,3,4,3,3,3,3,3,5,1,1,5,2,3,0,2,1.24253573299665
"satisfied","Loyal Customer",31,"Business travel","Business",1672,4,4,4,4,4,4,4,4,3,3,4,3,5,4,0,0,-0.757464267003349
"satisfied","Loyal Customer",41,"Business travel","Business",1366,3,3,3,3,4,5,5,5,5,5,5,4,5,4,0,0,-0.757464267003349
"satisfied","Loyal Customer",37,"Business travel","Business",2737,3,3,3,3,2,5,4,5,5,5,5,3,5,5,0,1,0.242535732996651
"satisfied","Loyal Customer",34,"Business travel","Business",1596,4,4,4,4,3,3,4,5,5,5,5,3,5,5,0,0,-0.757464267003349
"satisfied","Loyal Customer",27,"Business travel","Business",4054,4,4,4,4,4,5,4,4,4,3,1,5,2,4,0,0,-0.757464267003349
"satisfied","Loyal Customer",37,"Business travel","Business",2609,5,5,5,5,4,2,4,5,5,5,5,2,5,4,10,5,-5.54595546832788
"satisfied","Loyal Customer",19,"Business travel","Business",3769,3,3,3,3,4,5,4,4,3,5,4,3,5,4,1,0,-1.7363133871358
"satisfied","Loyal Customer",57,"Business travel","Business",3925,2,4,2,2,5,4,4,4,4,4,4,3,4,4,0,4,3.24253573299665
"satisfied","Loyal Customer",43,"Business travel","Business",2533,3,3,3,3,2,5,4,5,5,5,5,5,5,5,4,0,-4.67286074753316
"satisfied","Loyal Customer",42,"Business travel","Business",868,4,4,4,4,2,4,4,2,2,2,2,5,2,4,0,0,-0.757464267003349
"satisfied","Loyal Customer",37,"Business travel","Business",54,2,2,2,2,4,4,2,5,5,5,4,3,5,2,0,0,-0.757464267003349
"satisfied","Loyal Customer",47,"Business travel","Business",3033,4,4,4,4,4,4,4,4,4,4,4,3,4,5,86,80,-4.93848859839428
"satisfied","Loyal Customer",60,"Business travel","Business",2404,5,5,5,5,5,4,5,4,4,4,4,3,4,4,15,0,-15.4402010689901
"satisfied","Loyal Customer",57,"Business travel","Business",2642,1,1,1,1,5,5,5,5,3,5,1,5,5,5,1,0,-1.7363133871358
"satisfied","Loyal Customer",45,"Business travel","Business",2458,5,5,5,5,3,4,4,4,4,4,4,5,4,5,15,13,-2.44020106899014
"satisfied","Loyal Customer",58,"Business travel","Business",92,5,5,5,5,3,5,5,4,4,4,5,5,4,5,0,0,-0.757464267003349
"satisfied","Loyal Customer",36,"Business travel","Business",3214,3,3,3,3,1,4,5,5,5,5,5,1,5,2,1,5,3.2636866128642
"satisfied","Loyal Customer",24,"Business travel","Business",4384,1,1,3,1,4,4,4,4,4,4,4,4,5,4,12,2,-10.5036537085928
"satisfied","Loyal Customer",58,"Business travel","Business",2950,4,4,4,4,3,5,5,5,5,5,5,5,5,3,11,7,-4.52480458846033
"satisfied","Loyal Customer",71,"Business travel","Business",395,5,5,5,5,5,2,1,4,4,4,4,1,4,4,4,0,-4.67286074753316
"satisfied","Loyal Customer",60,"Business travel","Business",1943,4,4,4,4,2,4,5,5,5,5,5,4,5,5,0,0,-0.757464267003349
"satisfied","Loyal Customer",42,"Business travel","Business",948,1,1,1,1,3,5,5,5,5,5,5,4,5,3,0,4,3.24253573299665
"satisfied","Loyal Customer",42,"Business travel","Business",1824,2,2,2,2,4,5,4,4,4,4,4,4,4,3,35,45,9.9828165283608
"satisfied","Loyal Customer",56,"Business travel","Business",4001,3,3,3,3,2,5,4,3,3,4,3,4,3,4,0,0,-0.757464267003349
"satisfied","Loyal Customer",45,"Business travel","Business",2861,4,4,4,4,3,4,5,5,5,5,5,4,5,3,0,8,7.24253573299665
"satisfied","Loyal Customer",52,"Business travel","Business",2332,5,5,5,5,2,4,1,4,4,4,4,3,4,4,15,0,-15.4402010689901
"satisfied","Loyal Customer",52,"Business travel","Business",3697,1,1,1,1,5,4,5,4,4,4,4,4,4,5,0,0,-0.757464267003349
"satisfied","Loyal Customer",48,"Business travel","Business",3940,4,4,4,4,2,5,5,5,5,5,5,4,5,4,120,109,-9.21935868289768
"satisfied","Loyal Customer",55,"Business travel","Business",497,3,3,3,3,4,5,5,4,4,4,4,4,4,5,0,0,-0.757464267003349
"satisfied","Loyal Customer",43,"Business travel","Business",1587,4,4,4,4,4,4,5,5,5,5,5,4,5,5,0,3,2.24253573299665
"satisfied","Loyal Customer",70,"Business travel","Business",3452,5,5,5,5,4,5,3,4,4,4,4,5,4,1,0,0,-0.757464267003349
"satisfied","Loyal Customer",56,"Business travel","Business",618,2,2,2,2,4,5,4,5,5,5,5,3,5,4,1,0,-1.7363133871358
"satisfied","Loyal Customer",43,"Business travel","Business",634,4,4,4,4,4,4,5,5,5,5,5,4,5,3,25,26,0.771307729685332
"satisfied","disloyal Customer",25,"Business travel","Business",2511,4,0,4,3,4,5,5,3,2,5,5,5,3,5,153,137,-13.5213796472686
"satisfied","Loyal Customer",39,"Business travel","Business",1933,3,3,1,3,4,2,2,5,5,5,5,3,5,3,0,0,-0.757464267003349
"satisfied","Loyal Customer",60,"Business travel","Business",2687,2,2,2,2,5,5,5,4,4,4,4,4,4,4,35,31,-4.0171834716392
"satisfied","Loyal Customer",70,"Personal Travel","Business",557,4,4,4,4,4,4,5,4,4,5,4,4,4,3,1,0,-1.7363133871358
"satisfied","Loyal Customer",42,"Business travel","Business",1420,2,2,2,2,4,5,4,3,3,4,3,5,3,4,23,39,15.7290059699502
"satisfied","Loyal Customer",55,"Business travel","Business",343,2,5,2,2,5,5,4,5,5,5,5,3,5,3,0,0,-0.757464267003349
"satisfied","Loyal Customer",38,"Business travel","Business",3279,3,3,1,3,2,5,4,5,5,5,5,4,5,5,4,0,-4.67286074753316
"satisfied","Loyal Customer",50,"Personal Travel","Business",549,4,1,1,1,2,5,3,4,4,4,4,4,4,3,0,0,-0.757464267003349
"satisfied","disloyal Customer",27,"Business travel","Business",2015,4,4,4,5,4,4,4,4,5,4,3,5,2,4,28,28,-0.165239630712028
"satisfied","Loyal Customer",33,"Business travel","Business",2213,4,4,4,4,3,2,5,5,5,5,5,3,5,2,0,0,-0.757464267003349
"satisfied","Loyal Customer",56,"Business travel","Business",886,4,4,4,4,4,5,4,4,4,4,4,4,4,3,0,0,-0.757464267003349
"satisfied","disloyal Customer",29,"Business travel","Business",2283,0,0,0,5,4,0,4,4,4,5,5,5,5,4,10,0,-10.5459554683279
"satisfied","Loyal Customer",55,"Business travel","Business",2168,2,2,2,2,5,5,4,4,4,4,4,5,4,5,27,12,-15.1863905105796
"satisfied","Loyal Customer",47,"Business travel","Business",494,2,2,2,2,3,5,3,4,4,4,4,5,4,1,0,0,-0.757464267003349
"satisfied","Loyal Customer",40,"Business travel","Business",2708,2,2,2,2,4,3,5,5,5,5,5,4,5,5,0,0,-0.757464267003349
"satisfied","Loyal Customer",52,"Business travel","Business",2424,3,3,3,3,5,1,5,4,4,4,4,1,4,1,0,0,-0.757464267003349
"satisfied","Loyal Customer",37,"Business travel","Business",1167,1,1,1,1,3,4,4,3,3,3,3,5,3,4,0,1,0.242535732996651
"satisfied","Loyal Customer",44,"Business travel","Business",2379,3,3,3,3,5,4,1,4,4,4,4,4,4,4,0,0,-0.757464267003349
"satisfied","Loyal Customer",54,"Business travel","Business",1315,4,4,5,4,5,4,4,4,4,4,4,5,4,3,0,0,-0.757464267003349
"satisfied","Loyal Customer",44,"Business travel","Business",2183,1,1,1,1,4,3,5,4,4,5,4,5,4,4,57,52,-4.55186411455316
"satisfied","Loyal Customer",43,"Business travel","Business",4046,2,2,2,2,5,4,5,5,5,5,5,5,5,3,0,0,-0.757464267003349
"satisfied","Loyal Customer",49,"Business travel","Business",3200,5,1,5,5,5,4,5,3,3,2,3,5,3,3,0,0,-0.757464267003349
"satisfied","Loyal Customer",39,"Business travel","Business",525,3,3,3,3,5,5,4,5,5,5,5,3,5,4,1,0,-1.7363133871358
"satisfied","Loyal Customer",26,"Business travel","Business",3783,3,2,3,3,5,5,5,5,5,3,5,5,5,5,0,0,-0.757464267003349
"satisfied","Loyal Customer",49,"Business travel","Business",1865,2,2,2,2,3,4,5,4,4,4,4,3,4,5,0,0,-0.757464267003349
"satisfied","Loyal Customer",50,"Business travel","Business",449,5,5,5,5,4,5,4,4,4,4,4,5,4,5,93,79,-12.7904324393215
"satisfied","Loyal Customer",61,"Business travel","Business",3970,4,3,4,4,5,5,1,5,5,5,3,5,5,1,0,0,-0.757464267003349
"satisfied","Loyal Customer",40,"Business travel","Business",2481,3,4,3,3,4,4,4,4,4,4,4,5,4,3,0,0,-0.757464267003349
"satisfied","Loyal Customer",53,"Business travel","Business",2481,5,5,5,5,2,5,5,2,2,2,2,5,2,3,0,0,-0.757464267003349
"satisfied","Loyal Customer",12,"Business travel","Business",2855,2,2,2,2,5,5,5,5,5,3,5,5,4,5,0,0,-0.757464267003349
"satisfied","Loyal Customer",40,"Business travel","Business",3630,3,3,3,3,5,4,5,5,5,5,5,4,5,3,7,0,-7.60940810793052
"satisfied","Loyal Customer",47,"Business travel","Business",1768,5,5,5,5,3,5,5,5,5,5,5,5,5,4,11,15,3.47519541153967
"satisfied","Loyal Customer",50,"Business travel","Business",450,4,4,4,4,5,5,4,3,3,4,3,5,3,5,0,0,-0.757464267003349
"satisfied","Loyal Customer",49,"Business travel","Business",93,0,4,0,3,3,4,4,2,2,2,2,4,2,4,5,3,-2.65170986766561
"satisfied","Loyal Customer",37,"Business travel","Business",2507,5,5,5,5,2,4,4,4,4,4,4,3,4,4,0,0,-0.757464267003349
"satisfied","Loyal Customer",52,"Business travel","Business",1977,1,1,1,1,4,4,5,4,4,4,4,3,4,5,14,24,9.53864805114231
"satisfied","Loyal Customer",25,"Business travel","Business",3902,2,2,2,2,4,4,4,4,3,4,3,2,5,4,0,0,-0.757464267003349
"satisfied","Loyal Customer",55,"Business travel","Business",450,2,2,2,2,4,4,4,4,4,4,4,4,4,3,0,0,-0.757464267003349
"satisfied","Loyal Customer",51,"Business travel","Business",1938,3,3,3,3,5,3,4,2,2,2,2,3,2,4,7,0,-7.60940810793052
"satisfied","Loyal Customer",38,"Business travel","Business",366,1,1,5,1,3,4,5,3,3,4,3,3,3,3,42,32,-9.86912731256637
"satisfied","disloyal Customer",37,"Business travel","Business",1744,5,5,5,5,4,5,4,4,5,4,4,3,5,4,10,8,-2.54595546832788
"satisfied","Loyal Customer",37,"Business travel","Business",2009,2,2,2,2,2,5,4,4,4,4,4,4,4,4,0,0,-0.757464267003349
"satisfied","Loyal Customer",45,"Business travel","Business",483,3,3,3,3,3,4,5,5,5,5,5,4,5,5,4,4,-0.672860747533159
"satisfied","disloyal Customer",10,"Business travel","Business",3710,5,0,5,5,2,0,2,2,4,2,4,4,5,2,0,0,-0.757464267003349
"satisfied","disloyal Customer",21,"Business travel","Business",2099,5,0,5,2,5,5,5,5,5,3,5,4,4,5,0,0,-0.757464267003349
"satisfied","Loyal Customer",45,"Business travel","Business",3618,4,4,4,4,1,5,1,5,5,5,5,3,5,1,0,17,16.2425357329967
"satisfied","Loyal Customer",31,"Business travel","Business",3053,5,5,5,5,2,2,2,2,5,3,3,3,1,2,0,0,-0.757464267003349
"satisfied","Loyal Customer",46,"Business travel","Business",311,4,4,4,4,3,4,5,5,5,5,5,3,5,4,75,61,-13.1711482769373
"satisfied","Loyal Customer",51,"Business travel","Business",2044,4,4,4,4,2,3,3,5,5,4,5,2,5,4,60,59,-0.488411474950513
"satisfied","Loyal Customer",56,"Business travel","Business",276,1,1,1,1,5,3,4,5,5,5,5,1,5,2,0,0,-0.757464267003349
"satisfied","disloyal Customer",22,"Business travel","Business",2029,5,0,5,2,4,0,4,4,3,3,4,5,4,4,0,0,-0.757464267003349
"satisfied","Loyal Customer",12,"Personal Travel","Business",2549,1,1,1,1,4,5,4,5,5,5,5,5,5,5,3,0,-3.69401162740071
"satisfied","disloyal Customer",27,"Business travel","Business",1592,0,0,0,1,3,0,3,3,4,2,5,3,4,3,0,0,-0.757464267003349
"satisfied","Loyal Customer",46,"Business travel","Business",955,4,4,4,4,3,5,4,3,3,4,3,3,3,5,0,7,6.24253573299665
"satisfied","Loyal Customer",30,"Business travel","Business",4909,5,5,4,5,2,2,2,2,4,5,5,5,4,2,0,3,2.24253573299665
"satisfied","Loyal Customer",54,"Business travel","Business",317,1,1,1,1,4,4,4,4,4,4,4,5,4,3,0,5,4.24253573299665
"satisfied","Loyal Customer",40,"Business travel","Business",239,2,4,2,2,5,5,5,4,4,4,4,4,4,4,0,0,-0.757464267003349
"satisfied","Loyal Customer",42,"Business travel","Business",608,4,4,4,4,5,4,5,4,4,4,4,4,4,4,0,0,-0.757464267003349
"satisfied","Loyal Customer",57,"Business travel","Business",1547,3,4,3,3,3,5,4,2,2,2,2,3,2,3,0,0,-0.757464267003349
"satisfied","Loyal Customer",52,"Business travel","Business",2869,4,4,4,4,4,5,4,5,5,5,5,3,5,4,0,0,-0.757464267003349
"satisfied","Loyal Customer",44,"Business travel","Business",2612,5,5,5,5,3,3,3,5,5,5,4,2,5,2,0,0,-0.757464267003349
"satisfied","Loyal Customer",30,"Business travel","Business",4227,2,2,4,2,4,4,4,4,3,5,5,3,5,4,0,0,-0.757464267003349
"satisfied","Loyal Customer",24,"Business travel","Business",2296,3,3,2,3,4,4,4,4,2,2,5,2,3,4,0,0,-0.757464267003349
"satisfied","Loyal Customer",44,"Business travel","Business",475,3,3,1,3,3,1,3,4,4,4,4,3,4,1,0,0,-0.757464267003349
"satisfied","Loyal Customer",47,"Business travel","Business",3388,3,3,3,3,2,5,5,4,4,4,4,3,4,3,12,5,-7.50365370859278
"satisfied","Loyal Customer",37,"Business travel","Business",3976,1,3,1,1,4,5,5,5,5,5,5,4,5,5,0,14,13.2425357329967
"satisfied","Loyal Customer",55,"Personal Travel","Business",326,2,2,2,2,5,5,5,5,5,2,5,4,4,5,0,0,-0.757464267003349
"satisfied","Loyal Customer",60,"Business travel","Business",1850,2,2,4,2,3,4,4,2,2,2,2,4,2,4,12,7,-5.50365370859278
"satisfied","Loyal Customer",23,"Business travel","Business",1896,5,5,5,5,5,5,5,5,4,3,4,4,4,5,37,30,-6.9748817119041
"satisfied","Loyal Customer",40,"Personal Travel","Business",426,5,4,4,4,5,5,5,5,2,2,2,1,3,5,64,60,-3.40380795548033
"satisfied","Loyal Customer",43,"Business travel","Business",3764,2,2,2,2,3,5,5,5,5,5,5,5,5,5,0,0,-0.757464267003349
"satisfied","Loyal Customer",52,"Business travel","Business",1847,2,2,2,2,3,4,4,3,3,3,3,5,3,5,0,0,-0.757464267003349
"satisfied","Loyal Customer",41,"Business travel","Business",1096,2,2,2,2,4,4,4,4,4,4,4,3,4,4,6,0,-6.63055898779807
"satisfied","Loyal Customer",44,"Business travel","Business",3773,1,1,1,1,3,5,4,4,4,4,4,4,4,4,20,10,-10.3344466696524
"satisfied","Loyal Customer",36,"Business travel","Business",595,3,3,3,3,1,3,1,5,5,5,5,2,5,1,25,13,-12.2286922703147
"satisfied","Loyal Customer",39,"Business travel","Business",618,3,3,3,3,3,4,5,4,4,4,4,3,4,3,28,22,-6.16523963071203
"satisfied","Loyal Customer",43,"Business travel","Business",287,0,0,0,4,3,4,5,3,3,3,3,3,3,4,28,11,-17.165239630712
"satisfied","disloyal Customer",51,"Business travel","Business",2034,4,4,4,4,4,4,4,4,3,2,4,4,5,4,0,0,-0.757464267003349
"satisfied","Loyal Customer",46,"Business travel","Business",628,4,4,1,4,5,5,4,4,4,5,4,4,4,4,0,0,-0.757464267003349
"satisfied","Loyal Customer",54,"Business travel","Business",2820,1,1,1,1,4,4,5,2,2,2,2,4,2,3,0,0,-0.757464267003349
"satisfied","Loyal Customer",27,"Business travel","Business",2326,1,1,1,1,4,4,4,4,4,5,4,2,5,4,0,0,-0.757464267003349
"satisfied","Loyal Customer",47,"Business travel","Business",3669,2,2,2,2,2,5,4,2,2,2,2,4,2,5,0,0,-0.757464267003349
"satisfied","Loyal Customer",33,"Business travel","Business",4011,5,5,5,5,4,4,4,4,4,5,4,3,5,4,0,5,4.24253573299665
"satisfied","Loyal Customer",44,"Business travel","Business",1890,3,3,3,3,3,4,5,3,3,3,3,3,3,5,21,33,11.6867042102151
"satisfied","Loyal Customer",54,"Business travel","Business",271,1,1,1,1,2,1,5,4,4,4,4,1,4,2,6,0,-6.63055898779807
"satisfied","Loyal Customer",40,"Business travel","Business",1366,5,5,5,5,3,4,4,5,5,5,5,5,5,4,2,0,-2.71516250726825
"satisfied","Loyal Customer",58,"Business travel","Business",2451,1,1,1,1,5,3,4,3,3,3,3,5,3,3,0,0,-0.757464267003349
"satisfied","Loyal Customer",55,"Business travel","Business",1603,2,2,2,2,4,4,4,5,5,5,5,5,5,3,0,0,-0.757464267003349
"satisfied","Loyal Customer",53,"Business travel","Business",1733,5,5,2,5,3,5,4,5,5,5,5,4,5,4,0,14,13.2425357329967
"satisfied","Loyal Customer",44,"Business travel","Business",2189,5,5,5,5,5,3,5,4,4,4,4,4,4,2,23,12,-11.2709940300498
"satisfied","Loyal Customer",52,"Business travel","Business",2969,4,4,4,4,5,5,5,5,5,4,5,5,5,5,0,0,-0.757464267003349
"satisfied","Loyal Customer",28,"Business travel","Business",3070,2,1,2,2,5,5,5,5,5,2,5,5,5,5,0,0,-0.757464267003349
"satisfied","Loyal Customer",53,"Personal Travel","Business",136,4,2,2,2,1,3,5,4,4,4,4,5,4,3,0,0,-0.757464267003349
"satisfied","Loyal Customer",36,"Business travel","Business",1481,2,2,4,2,3,4,4,5,5,5,5,4,5,4,0,0,-0.757464267003349
"satisfied","Loyal Customer",60,"Business travel","Business",344,1,1,1,1,4,4,4,5,5,5,5,5,5,3,1,0,-1.7363133871358
"satisfied","disloyal Customer",37,"Business travel","Business",1800,4,4,4,2,2,4,2,2,4,4,4,3,5,2,1,13,11.2636866128642
"satisfied","Loyal Customer",43,"Business travel","Business",413,4,4,4,4,2,1,2,4,4,4,4,5,4,2,0,0,-0.757464267003349
"satisfied","disloyal Customer",80,"Business travel","Business",272,5,5,5,3,5,2,1,4,4,5,4,1,4,5,0,0,-0.757464267003349
"satisfied","Loyal Customer",28,"Personal Travel","Business",2138,5,5,5,4,3,5,3,3,4,2,4,4,5,3,0,0,-0.757464267003349
"satisfied","Loyal Customer",51,"Business travel","Business",1908,5,5,5,5,5,4,4,4,4,4,4,3,4,4,0,4,3.24253573299665
"satisfied","Loyal Customer",58,"Business travel","Business",401,2,2,2,2,2,4,4,3,3,4,3,3,3,5,0,0,-0.757464267003349
"satisfied","Loyal Customer",41,"Business travel","Business",1672,3,3,3,3,4,5,5,5,5,5,5,3,5,3,0,0,-0.757464267003349
"satisfied","Loyal Customer",37,"Business travel","Business",3051,1,1,1,1,5,4,5,5,5,5,5,3,5,4,127,129,3.92869747617514
"satisfied","Loyal Customer",56,"Business travel","Business",1314,3,3,3,3,4,5,5,5,5,5,5,3,5,5,0,0,-0.757464267003349
"satisfied","Loyal Customer",50,"Business travel","Business",603,2,2,2,2,3,4,5,4,4,4,4,3,4,4,13,0,-13.4825028287252
"satisfied","Loyal Customer",33,"Business travel","Business",3192,4,4,4,4,4,3,5,3,3,3,3,5,3,4,21,16,-5.31329578978486
"satisfied","disloyal Customer",37,"Business travel","Business",1765,4,4,4,2,3,4,3,3,4,3,5,3,5,3,0,3,2.24253573299665
"satisfied","disloyal Customer",39,"Business travel","Business",1822,4,4,4,1,3,4,3,3,4,4,4,3,4,3,0,0,-0.757464267003349
"satisfied","Loyal Customer",25,"Business travel","Business",3960,0,0,0,1,1,1,3,1,5,5,5,5,5,1,0,0,-0.757464267003349
"satisfied","disloyal Customer",44,"Business travel","Business",1147,5,5,5,4,3,5,3,3,3,5,5,4,4,3,0,0,-0.757464267003349
"satisfied","Loyal Customer",30,"Business travel","Business",4668,5,5,2,5,2,2,2,2,5,4,5,3,5,2,15,22,6.55979893100986
"satisfied","Loyal Customer",39,"Business travel","Business",2088,2,5,2,2,2,5,5,5,5,5,5,4,5,4,0,3,2.24253573299665
"satisfied","Loyal Customer",39,"Business travel","Business",830,5,3,5,5,3,5,5,1,1,2,1,4,1,3,4,0,-4.67286074753316
"satisfied","Loyal Customer",45,"Business travel","Business",2464,2,2,5,2,4,5,2,4,4,4,4,2,4,5,9,0,-9.56710634819542
"satisfied","Loyal Customer",56,"Business travel","Business",2479,4,4,4,4,5,4,5,5,5,5,5,3,5,3,0,0,-0.757464267003349
"satisfied","Loyal Customer",22,"Business travel","Business",2558,1,1,1,1,2,2,2,2,3,3,5,4,5,2,0,0,-0.757464267003349
"satisfied","Loyal Customer",30,"Business travel","Business",3159,1,1,1,1,4,4,4,4,3,2,4,3,5,4,7,0,-7.60940810793052
"satisfied","Loyal Customer",47,"Business travel","Business",3898,3,3,2,3,3,5,4,4,4,4,4,5,4,4,11,5,-6.52480458846033
"satisfied","Loyal Customer",52,"Business travel","Business",659,3,3,3,3,4,5,5,5,5,5,5,4,5,4,0,0,-0.757464267003349
"satisfied","Loyal Customer",28,"Business travel","Business",2061,3,3,3,3,4,4,4,4,4,5,4,4,4,4,0,0,-0.757464267003349
"satisfied","Loyal Customer",22,"Business travel","Business",4774,3,3,3,3,5,5,5,5,4,3,4,3,5,5,26,21,-5.20754139044712
"satisfied","Loyal Customer",54,"Business travel","Business",1271,1,1,1,1,4,5,4,5,5,5,5,5,5,5,34,25,-9.03833435150674
"satisfied","Loyal Customer",54,"Business travel","Business",2735,4,3,4,4,3,5,4,4,4,4,4,4,4,3,0,0,-0.757464267003349
"satisfied","Loyal Customer",49,"Business travel","Business",612,4,4,4,4,4,4,5,4,4,4,4,3,4,4,0,0,-0.757464267003349
"satisfied","Loyal Customer",48,"Business travel","Business",1575,4,4,4,4,4,4,5,3,3,3,3,4,3,4,0,0,-0.757464267003349
"satisfied","Loyal Customer",38,"Business travel","Business",2020,5,5,5,5,4,3,1,5,5,5,5,3,5,1,0,0,-0.757464267003349
"satisfied","Loyal Customer",59,"Business travel","Business",1503,2,5,2,2,4,4,5,5,5,5,5,5,5,5,10,0,-10.5459554683279
"satisfied","Loyal Customer",23,"Business travel","Business",2577,1,1,3,1,5,4,5,5,4,4,5,4,5,5,0,0,-0.757464267003349
"satisfied","Loyal Customer",55,"Business travel","Business",2767,0,5,0,1,4,5,5,2,2,2,2,5,2,3,10,4,-6.54595546832788
"satisfied","Loyal Customer",49,"Business travel","Business",2567,3,3,3,3,4,5,5,4,4,5,4,3,4,5,0,1,0.242535732996651
"satisfied","Loyal Customer",57,"Business travel","Business",474,1,1,1,1,3,5,4,5,5,5,5,4,5,5,17,9,-8.39789930925505
"satisfied","Loyal Customer",30,"Business travel","Business",4160,2,2,2,2,5,5,5,5,3,5,4,4,5,5,0,0,-0.757464267003349
"satisfied","Loyal Customer",58,"Business travel","Business",289,5,5,5,5,2,4,5,5,5,5,5,3,5,5,39,51,12.067420047831
"satisfied","disloyal Customer",39,"Business travel","Business",2058,5,5,5,3,3,5,3,3,5,4,1,1,1,3,13,19,5.51749717127477
"satisfied","Loyal Customer",53,"Business travel","Business",2361,1,1,1,1,5,5,5,5,5,4,5,4,5,4,24,39,14.7501568498178
"satisfied","Loyal Customer",55,"Business travel","Business",1552,5,5,5,5,5,5,4,5,5,5,5,3,5,3,16,6,-10.4190501891226
"satisfied","Loyal Customer",72,"Business travel","Business",106,3,3,5,3,3,5,5,3,3,4,3,3,3,2,0,0,-0.757464267003349
"satisfied","Loyal Customer",59,"Business travel","Business",1952,3,3,3,3,2,5,5,2,2,2,2,5,2,5,34,33,-1.03833435150674
"satisfied","Loyal Customer",38,"Business travel","Business",1752,4,4,5,4,3,1,1,3,3,3,3,2,3,3,0,0,-0.757464267003349
"satisfied","Loyal Customer",36,"Business travel","Business",2998,5,5,5,5,3,5,5,5,5,5,5,3,5,4,0,5,4.24253573299665
"satisfied","Loyal Customer",44,"Personal Travel","Business",1236,5,3,5,3,2,4,2,5,5,5,5,3,5,2,0,0,-0.757464267003349
"satisfied","Loyal Customer",40,"Business travel","Business",202,0,5,0,2,4,4,4,5,5,4,4,5,5,3,38,33,-4.95373083203655
"satisfied","Loyal Customer",48,"Business travel","Business",2770,3,2,3,3,4,4,4,3,3,4,3,5,3,5,12,4,-8.50365370859278
"satisfied","Loyal Customer",49,"Business travel","Business",890,3,3,3,3,5,5,5,4,4,4,4,4,4,5,9,25,15.4328936518046
"satisfied","Loyal Customer",53,"Business travel","Business",1909,5,5,5,5,2,3,5,5,5,5,5,4,5,1,0,0,-0.757464267003349
"satisfied","Loyal Customer",24,"Personal Travel","Business",1303,0,1,0,3,4,0,4,4,2,3,3,1,4,4,5,0,-5.65170986766561
"satisfied","Loyal Customer",34,"Business travel","Business",2019,4,4,4,4,3,5,4,5,5,5,5,5,5,3,0,0,-0.757464267003349
"satisfied","Loyal Customer",42,"Business travel","Business",1752,3,3,3,3,4,5,4,4,4,4,4,5,4,5,0,0,-0.757464267003349
"satisfied","Loyal Customer",42,"Business travel","Business",2440,4,4,2,4,2,5,4,4,4,4,4,3,4,5,9,12,2.43289365180458
"satisfied","disloyal Customer",45,"Business travel","Business",1723,5,5,5,1,3,5,3,3,3,4,5,5,5,3,0,6,5.24253573299665
"satisfied","Loyal Customer",50,"Business travel","Business",384,1,1,1,1,3,4,5,4,4,4,4,4,4,5,4,0,-4.67286074753316
"satisfied","Loyal Customer",40,"Business travel","Business",279,4,4,4,4,3,4,4,5,5,5,5,3,5,3,2,7,4.28483749273174
"satisfied","Loyal Customer",52,"Business travel","Business",1430,1,1,1,1,2,5,5,5,5,5,5,3,5,3,0,0,-0.757464267003349
"satisfied","Loyal Customer",48,"Business travel","Business",3704,4,4,4,4,4,5,4,5,5,5,5,3,5,3,7,2,-5.60940810793052
"satisfied","Loyal Customer",62,"Business travel","Business",265,1,1,1,1,2,1,3,5,5,5,3,5,5,5,3,2,-1.69401162740071
"satisfied","Loyal Customer",45,"Business travel","Business",326,2,2,2,2,3,4,4,4,4,4,4,3,4,4,0,0,-0.757464267003349
"satisfied","Loyal Customer",28,"Business travel","Business",2080,3,3,3,3,2,2,2,2,1,2,5,4,5,2,0,0,-0.757464267003349
"satisfied","Loyal Customer",58,"Business travel","Business",3952,5,5,5,5,4,2,4,5,5,4,5,2,5,4,0,0,-0.757464267003349
"satisfied","Loyal Customer",43,"Business travel","Business",274,2,2,2,2,3,5,4,5,5,5,5,3,5,3,0,0,-0.757464267003349
"satisfied","Loyal Customer",43,"Business travel","Business",1634,5,5,5,5,3,5,5,5,5,5,5,4,5,5,0,0,-0.757464267003349
"satisfied","Loyal Customer",34,"Business travel","Business",316,3,3,4,3,5,4,5,5,5,5,5,4,5,5,0,0,-0.757464267003349
"satisfied","Loyal Customer",39,"Business travel","Business",3143,4,4,4,4,2,2,3,4,4,4,4,1,4,1,0,13,12.2425357329967
"satisfied","Loyal Customer",47,"Business travel","Business",397,4,4,4,4,4,4,5,5,5,5,5,4,5,5,4,0,-4.67286074753316
"satisfied","Loyal Customer",46,"Business travel","Business",3082,5,5,5,5,4,4,5,4,4,4,4,5,4,5,2,0,-2.71516250726825
"satisfied","Loyal Customer",56,"Business travel","Business",1081,2,2,2,2,5,4,5,5,5,4,5,4,5,3,0,0,-0.757464267003349
"satisfied","Loyal Customer",50,"Business travel","Business",2498,3,3,3,3,5,3,5,5,5,5,5,4,5,3,0,0,-0.757464267003349
"satisfied","Loyal Customer",22,"Business travel","Business",2021,0,0,0,2,3,3,3,3,4,4,3,5,2,3,0,0,-0.757464267003349
"satisfied","Loyal Customer",52,"Business travel","Business",2198,4,4,4,4,4,3,4,4,4,4,4,4,4,5,0,0,-0.757464267003349
"satisfied","Loyal Customer",50,"Business travel","Business",288,2,2,2,2,3,5,4,4,4,4,4,4,4,3,21,14,-7.31329578978486
"satisfied","Loyal Customer",57,"Business travel","Business",1845,2,3,2,2,2,5,4,5,5,5,5,3,5,5,0,0,-0.757464267003349
"satisfied","Loyal Customer",38,"Business travel","Business",2289,2,2,2,2,5,4,3,4,4,5,4,1,4,2,4,13,8.32713925246684
"satisfied","Loyal Customer",50,"Business travel","Business",2074,5,5,5,5,4,4,5,5,5,5,5,5,5,3,0,0,-0.757464267003349
"satisfied","Loyal Customer",31,"Business travel","Business",3243,2,2,2,2,3,3,3,3,3,5,3,3,1,3,0,0,-0.757464267003349
"satisfied","Loyal Customer",51,"Business travel","Business",204,2,2,4,2,4,5,4,5,5,5,5,5,5,4,0,0,-0.757464267003349
"satisfied","Loyal Customer",48,"Business travel","Business",3321,2,2,2,2,2,5,4,5,5,5,5,5,5,4,0,0,-0.757464267003349
"satisfied","Loyal Customer",67,"Business travel","Business",2893,4,4,4,4,2,4,4,4,4,4,4,3,4,4,1,5,3.2636866128642
"satisfied","Loyal Customer",34,"Business travel","Business",409,5,5,5,5,2,5,4,4,4,4,4,3,4,4,17,14,-3.39789930925505
"satisfied","Loyal Customer",40,"Business travel","Business",2116,3,3,3,3,4,5,5,4,4,4,4,3,4,5,0,0,-0.757464267003349
"satisfied","Loyal Customer",47,"Business travel","Business",2599,3,3,4,3,4,5,5,5,5,5,5,3,5,3,0,0,-0.757464267003349
"satisfied","Loyal Customer",33,"Business travel","Business",926,3,1,3,3,4,2,5,5,5,5,5,1,5,1,0,0,-0.757464267003349
"satisfied","Loyal Customer",28,"Business travel","Business",1828,2,2,2,2,5,5,5,5,3,4,4,4,5,5,0,0,-0.757464267003349
"satisfied","Loyal Customer",52,"Business travel","Business",1656,4,4,4,4,5,4,4,4,4,4,4,3,4,4,0,0,-0.757464267003349
"satisfied","Loyal Customer",52,"Business travel","Business",2845,1,1,1,1,2,1,2,5,5,5,5,2,5,3,1,3,1.2636866128642
"satisfied","Loyal Customer",52,"Business travel","Business",246,4,4,4,4,2,3,2,4,4,4,3,1,4,2,0,0,-0.757464267003349
"satisfied","Loyal Customer",26,"Business travel","Business",4822,3,3,3,3,5,5,5,5,4,3,5,3,5,5,0,4,3.24253573299665
"satisfied","Loyal Customer",36,"Business travel","Business",213,2,2,2,2,2,5,4,5,5,5,5,3,5,3,19,11,-8.35559754951995
"satisfied","Loyal Customer",60,"Business travel","Business",2408,3,3,2,3,2,4,3,4,4,4,4,5,4,4,15,0,-15.4402010689901
"satisfied","Loyal Customer",57,"Business travel","Business",1163,2,1,2,2,5,4,4,5,5,5,5,5,5,5,0,1,0.242535732996651
"satisfied","Loyal Customer",21,"Business travel","Business",2162,5,5,5,5,4,4,4,4,5,5,5,3,4,4,27,14,-13.1863905105796
"satisfied","Loyal Customer",51,"Business travel","Business",2988,2,2,2,2,2,2,5,4,4,4,4,3,4,4,0,5,4.24253573299665
"satisfied","Loyal Customer",47,"Business travel","Business",2264,4,4,4,4,3,2,4,4,4,4,3,4,4,3,63,60,-2.42495883534788
"satisfied","Loyal Customer",50,"Business travel","Business",1912,5,5,4,5,4,5,5,5,5,5,5,4,5,3,0,0,-0.757464267003349
"satisfied","Loyal Customer",39,"Business travel","Business",249,5,5,5,5,5,4,2,4,4,4,4,1,4,3,73,64,-8.21345003667241
"satisfied","Loyal Customer",18,"Business travel","Business",2077,2,2,2,2,4,3,4,4,5,4,5,5,4,4,0,0,-0.757464267003349
"satisfied","Loyal Customer",48,"Business travel","Business",465,5,5,5,5,1,1,5,1,1,2,1,5,1,4,21,14,-7.31329578978486
"satisfied","Loyal Customer",56,"Business travel","Business",3768,4,4,4,4,5,4,5,5,5,5,5,5,5,4,0,0,-0.757464267003349
"satisfied","Loyal Customer",26,"Business travel","Business",3397,3,3,2,3,4,4,4,4,2,4,5,4,3,4,94,160,67.2307184405461
"satisfied","Loyal Customer",56,"Business travel","Business",349,3,3,3,3,2,5,5,4,4,4,4,4,4,4,0,0,-0.757464267003349
"satisfied","disloyal Customer",26,"Business travel","Business",1161,0,5,0,2,5,0,5,5,3,3,4,5,5,5,50,51,1.30007972637401
"satisfied","Loyal Customer",37,"Business travel","Business",2277,5,5,5,5,4,4,5,4,4,4,4,4,4,5,0,0,-0.757464267003349
"satisfied","Loyal Customer",44,"Business travel","Business",877,5,5,5,5,3,4,5,5,5,4,5,3,5,4,17,33,15.602100690745
"satisfied","Loyal Customer",57,"Business travel","Business",2072,5,5,5,5,4,3,5,5,5,5,5,3,5,4,0,1,0.242535732996651
"satisfied","Loyal Customer",45,"Business travel","Business",3799,2,2,2,2,3,5,4,5,5,5,5,5,5,3,0,0,-0.757464267003349
"satisfied","Loyal Customer",39,"Business travel","Business",486,3,3,3,3,4,5,5,5,5,5,5,3,5,3,0,0,-0.757464267003349
